ISO-10303-21;
HEADER;
/* Generated by software containing ST-Developer
 * from STEP Tools, Inc. (www.steptools.com) 
 */

FILE_DESCRIPTION(
/* description */ ('STEP AP242 Edition 2'),
/* implementation_level */ '2;1');

FILE_NAME(
/* name */ 'spe-T1L_usb_adapter_case_r0_.step',
/* time_stamp */ '2026-08-19T13:17:16+02:00',
/* author */ (''),
/* organization */ (''),
/* preprocessor_version */ 'ST-DEVELOPER v20.1',
/* originating_system */ 'Autodesk Translation Framework v15.8.0.0',
/* authorisation */ '');

FILE_SCHEMA (('AUTOMOTIVE_DESIGN { 1 0 10303 214 3 1 1 }'));
ENDSEC;

DATA;
#10=MECHANICAL_DESIGN_GEOMETRIC_PRESENTATION_REPRESENTATION('',(#39,#40),
#4444);
#11=ITEM_DEFINED_TRANSFORMATION($,$,#2521,#2781);
#12=ITEM_DEFINED_TRANSFORMATION($,$,#2649,#2782);
#13=(
REPRESENTATION_RELATIONSHIP($,$,#4457,#4456)
REPRESENTATION_RELATIONSHIP_WITH_TRANSFORMATION(#11)
SHAPE_REPRESENTATION_RELATIONSHIP()
);
#14=(
REPRESENTATION_RELATIONSHIP($,$,#4458,#4456)
REPRESENTATION_RELATIONSHIP_WITH_TRANSFORMATION(#12)
SHAPE_REPRESENTATION_RELATIONSHIP()
);
#15=CONTEXT_DEPENDENT_SHAPE_REPRESENTATION(#13,#4454);
#16=CONTEXT_DEPENDENT_SHAPE_REPRESENTATION(#14,#4455);
#17=NEXT_ASSEMBLY_USAGE_OCCURRENCE('Part 1:1','Part 1:1','Part 1:1',#4460,
#4461,'Part 1:1');
#18=NEXT_ASSEMBLY_USAGE_OCCURRENCE('Part 2:1','Part 2:1','Part 2:1',#4460,
#4462,'Part 2:1');
#19=ELLIPSE('',#2722,0.000302240126750683,0.000300751306740262);
#20=ELLIPSE('',#2725,0.000302239606303258,0.000300751047754707);
#21=B_SPLINE_CURVE_WITH_KNOTS('',3,(#3923,#3924,#3925,#3926,#3927,#3928,
#3929,#3930,#3931,#3932),.UNSPECIFIED.,.F.,.F.,(4,2,2,2,4),(1.00009373043801E-6,
0.0113405500179353,0.0229438634957462,0.0345189689378889,0.0459015670570178),
 .UNSPECIFIED.);
#22=B_SPLINE_CURVE_WITH_KNOTS('',3,(#3968,#3969,#3970,#3971,#3972,#3973,
#3974,#3975,#3976,#3977),.UNSPECIFIED.,.F.,.F.,(4,2,2,2,4),(3.50583470587472E-8,
0.0113837578250796,0.0229599999836121,0.0345644524112383,0.0459051086346901),
 .UNSPECIFIED.);
#23=B_SPLINE_CURVE_WITH_KNOTS('',3,(#4000,#4001,#4002,#4003),
 .UNSPECIFIED.,.F.,.F.,(4,4),(9.48676900924816E-20,0.00711733911789671),
 .UNSPECIFIED.);
#24=B_SPLINE_CURVE_WITH_KNOTS('',3,(#4017,#4018,#4019,#4020),
 .UNSPECIFIED.,.F.,.F.,(4,4),(0.,0.00711733911511367),.UNSPECIFIED.);
#25=B_SPLINE_CURVE_WITH_KNOTS('',3,(#4041,#4042,#4043,#4044),
 .UNSPECIFIED.,.F.,.F.,(4,4),(2.0033990894097E-17,0.00713521835426781),
 .UNSPECIFIED.);
#26=B_SPLINE_CURVE_WITH_KNOTS('',3,(#4052,#4053,#4054,#4055),
 .UNSPECIFIED.,.F.,.F.,(4,4),(0.,0.00713249879636272),.UNSPECIFIED.);
#27=B_SPLINE_CURVE_WITH_KNOTS('',3,(#4058,#4059,#4060,#4061),
 .UNSPECIFIED.,.F.,.F.,(4,4),(0.,0.00713713471883089),.UNSPECIFIED.);
#28=B_SPLINE_CURVE_WITH_KNOTS('',3,(#4067,#4068,#4069,#4070),
 .UNSPECIFIED.,.F.,.F.,(4,4),(0.,0.00714068833831032),.UNSPECIFIED.);
#29=B_SPLINE_CURVE_WITH_KNOTS('',3,(#4157,#4158,#4159,#4160,#4161,#4162,
#4163,#4164,#4165,#4166),.UNSPECIFIED.,.F.,.F.,(4,2,2,2,4),(2.47718734414091E-9,
0.011329494967659,0.0228552841468414,0.0343802057649367,0.0457113835970739),
 .UNSPECIFIED.);
#30=B_SPLINE_CURVE_WITH_KNOTS('',3,(#4167,#4168,#4169,#4170,#4171,#4172,
#4173,#4174,#4175,#4176,#4177,#4178,#4179,#4180),.UNSPECIFIED.,.F.,.F.,
(4,2,2,2,2,2,4),(0.,0.00636229122521689,0.013170675241873,0.0246886404780308,
0.0362076282320787,0.0430146659667671,0.0493764740948307),.UNSPECIFIED.);
#31=B_SPLINE_CURVE_WITH_KNOTS('',3,(#4181,#4182,#4183,#4184,#4185,#4186,
#4187,#4188,#4189,#4190),.UNSPECIFIED.,.F.,.F.,(4,2,2,2,4),(-0.0467974181835015,
-0.0349926254671598,-0.0234005253812085,-0.0118165555698113,-1.07723896469736E-9),
 .UNSPECIFIED.);
#32=B_SPLINE_CURVE_WITH_KNOTS('',3,(#4191,#4192,#4193,#4194,#4195,#4196,
#4197,#4198,#4199,#4200),.UNSPECIFIED.,.F.,.F.,(4,2,2,2,4),(-0.0468021280541374,
-0.0349843851395196,-0.023399249265117,-0.0118059822141903,-5.62836721673676E-11),
 .UNSPECIFIED.);
#33=B_SPLINE_CURVE_WITH_KNOTS('',3,(#4303,#4304,#4305,#4306,#4307,#4308,
#4309,#4310,#4311,#4312,#4313,#4314,#4315,#4316),.UNSPECIFIED.,.F.,.F.,
(4,2,2,2,2,2,4),(9.00470109588271E-9,0.00740763876313426,0.0154718438926117,
0.026980565789493,0.038487896575458,0.046554825753792,0.0539634324392576),
 .UNSPECIFIED.);
#34=B_SPLINE_CURVE_WITH_KNOTS('',3,(#4317,#4318,#4319,#4320,#4321,#4322,
#4323,#4324,#4325,#4326,#4327,#4328,#4329,#4330),.UNSPECIFIED.,.F.,.F.,
(4,2,2,2,2,2,4),(0.,0.00642858863913833,0.0133152390339702,0.0248325199174459,
0.0363509785323646,0.0432360218315602,0.0496640266662904),.UNSPECIFIED.);
#35=SHAPE_REPRESENTATION_RELATIONSHIP('SRR','None',#4457,#37);
#36=SHAPE_REPRESENTATION_RELATIONSHIP('SRR','None',#4458,#38);
#37=ADVANCED_BREP_SHAPE_REPRESENTATION('',(#41),#4442);
#38=ADVANCED_BREP_SHAPE_REPRESENTATION('',(#42),#4443);
#39=STYLED_ITEM('',(#4476),#41);
#40=STYLED_ITEM('',(#4476),#42);
#41=MANIFOLD_SOLID_BREP('Body1',#2495);
#42=MANIFOLD_SOLID_BREP('Body1',#2496);
#43=(
BOUNDED_SURFACE()
B_SPLINE_SURFACE(2,2,((#3858,#3859,#3860,#3861,#3862),(#3863,#3864,#3865,
#3866,#3867),(#3868,#3869,#3870,#3871,#3872)),.UNSPECIFIED.,.F.,.F.,.F.)
B_SPLINE_SURFACE_WITH_KNOTS((3,3),(3,2,3),(0.,1.5707963267949),(-1.91607778628084,
-0.958038893140418,0.),.UNSPECIFIED.)
GEOMETRIC_REPRESENTATION_ITEM()
RATIONAL_B_SPLINE_SURFACE(((1.,0.887447295444972,1.,0.887447295444972,1.),
(0.70710678118654,0.627520000554795,0.70710678118654,0.627520000554795,
0.70710678118654),(1.,0.887447295444972,1.,0.887447295444972,1.)))
REPRESENTATION_ITEM('')
SURFACE()
);
#44=(
BOUNDED_SURFACE()
B_SPLINE_SURFACE(2,2,((#3876,#3877,#3878,#3879,#3880),(#3881,#3882,#3883,
#3884,#3885),(#3886,#3887,#3888,#3889,#3890)),.UNSPECIFIED.,.F.,.F.,.F.)
B_SPLINE_SURFACE_WITH_KNOTS((3,3),(3,2,3),(0.,1.5707963267949),(-1.5707963267949,
-0.692557910542663,0.185680505709571),.UNSPECIFIED.)
GEOMETRIC_REPRESENTATION_ITEM()
RATIONAL_B_SPLINE_SURFACE(((1.,0.905126476240471,1.,0.905126476240471,1.),
(0.707106781186539,0.640021069181113,0.707106781186539,0.640021069181113,
0.707106781186539),(1.,0.905126476240471,1.,0.905126476240471,1.)))
REPRESENTATION_ITEM('')
SURFACE()
);
#45=(
BOUNDED_SURFACE()
B_SPLINE_SURFACE(3,2,((#4355,#4356,#4357),(#4358,#4359,#4360),(#4361,#4362,
#4363),(#4364,#4365,#4366)),.UNSPECIFIED.,.F.,.F.,.F.)
B_SPLINE_SURFACE_WITH_KNOTS((4,4),(3,3),(0.002911323953668,0.010114095258894),
(0.,1.),.UNSPECIFIED.)
GEOMETRIC_REPRESENTATION_ITEM()
RATIONAL_B_SPLINE_SURFACE(((1.,0.710931552844737,1.),(1.,0.711422126486827,
1.),(1.,0.712027617859495,1.),(1.,0.713323781905578,1.)))
REPRESENTATION_ITEM('')
SURFACE()
);
#46=(
BOUNDED_SURFACE()
B_SPLINE_SURFACE(3,2,((#4367,#4368,#4369),(#4370,#4371,#4372),(#4373,#4374,
#4375),(#4376,#4377,#4378)),.UNSPECIFIED.,.F.,.F.,.F.)
B_SPLINE_SURFACE_WITH_KNOTS((4,4),(3,3),(0.00692110463769343,0.0141238759436015),
(0.,1.),.UNSPECIFIED.)
GEOMETRIC_REPRESENTATION_ITEM()
RATIONAL_B_SPLINE_SURFACE(((1.,0.713323781905575,1.),(1.,0.712027617859642,
1.),(1.,0.711422126487359,1.),(1.,0.710931552844736,1.)))
REPRESENTATION_ITEM('')
SURFACE()
);
#47=(
BOUNDED_SURFACE()
B_SPLINE_SURFACE(3,2,((#4379,#4380,#4381),(#4382,#4383,#4384),(#4385,#4386,
#4387),(#4388,#4389,#4390)),.UNSPECIFIED.,.F.,.F.,.F.)
B_SPLINE_SURFACE_WITH_KNOTS((4,4),(3,3),(0.00350048626181071,0.0107315494454321),
(0.,1.),.UNSPECIFIED.)
GEOMETRIC_REPRESENTATION_ITEM()
RATIONAL_B_SPLINE_SURFACE(((1.,0.67802112005142,1.),(1.,0.696861001333988,
1.),(1.,0.712343188993913,1.),(1.,0.725848638628143,1.)))
REPRESENTATION_ITEM('')
SURFACE()
);
#48=(
BOUNDED_SURFACE()
B_SPLINE_SURFACE(3,2,((#4391,#4392,#4393),(#4394,#4395,#4396),(#4397,#4398,
#4399),(#4400,#4401,#4402)),.UNSPECIFIED.,.F.,.F.,.F.)
B_SPLINE_SURFACE_WITH_KNOTS((4,4),(3,3),(0.00344960409271564,0.0106890052731135),
(0.,1.),.UNSPECIFIED.)
GEOMETRIC_REPRESENTATION_ITEM()
RATIONAL_B_SPLINE_SURFACE(((1.,0.682209070148817,1.),(1.,0.665964902282634,
1.),(1.,0.647241541088988,1.),(1.,0.624109634751682,1.)))
REPRESENTATION_ITEM('')
SURFACE()
);
#49=TOROIDAL_SURFACE('',#2607,0.00285,0.00075);
#50=TOROIDAL_SURFACE('',#2614,0.00285,0.00075);
#51=TOROIDAL_SURFACE('',#2616,0.00285,0.00075);
#52=TOROIDAL_SURFACE('',#2622,0.00285,0.00075);
#53=TOROIDAL_SURFACE('',#2631,0.00125,0.00075);
#54=TOROIDAL_SURFACE('',#2635,0.00125,0.00075);
#55=TOROIDAL_SURFACE('',#2640,0.00125,0.00075);
#56=TOROIDAL_SURFACE('',#2645,0.003,0.00075);
#57=TOROIDAL_SURFACE('',#2757,0.00285,0.00075);
#58=TOROIDAL_SURFACE('',#2764,0.00285,0.00075);
#59=TOROIDAL_SURFACE('',#2766,0.00285,0.00075);
#60=TOROIDAL_SURFACE('',#2772,0.00285,0.00075);
#61=CONICAL_SURFACE('',#2596,0.002,0.78539816339745);
#62=CONICAL_SURFACE('',#2598,0.0025,0.785398163397448);
#63=CONICAL_SURFACE('',#2601,0.002,0.785398163397448);
#64=CONICAL_SURFACE('',#2603,0.0015,0.785398163397441);
#65=CONICAL_SURFACE('',#2604,0.00175,0.785398163397455);
#66=CONICAL_SURFACE('',#2605,0.0015,0.785398163397442);
#67=CONICAL_SURFACE('',#2667,0.001,0.0698131700797732);
#68=CONICAL_SURFACE('',#2671,0.001,0.0698131700797732);
#69=CONICAL_SURFACE('',#2678,0.00325,0.0698131700797732);
#70=CONICAL_SURFACE('',#2682,0.001,0.0698131700797732);
#71=CONICAL_SURFACE('',#2744,0.00195,0.523598775598299);
#72=CONICAL_SURFACE('',#2746,0.00166132486540519,0.523598775598299);
#73=CONICAL_SURFACE('',#2748,0.00195,0.523598775598299);
#74=CONICAL_SURFACE('',#2750,0.000661324865405185,0.523598775598299);
#75=CONICAL_SURFACE('',#2751,0.00258867513459481,0.523598775598299);
#76=CONICAL_SURFACE('',#2752,0.000661324865405185,0.523598775598299);
#77=CONICAL_SURFACE('',#2756,0.0015,0.785398163397449);
#78=CYLINDRICAL_SURFACE('',#2540,0.002);
#79=CYLINDRICAL_SURFACE('',#2545,0.0036);
#80=CYLINDRICAL_SURFACE('',#2549,0.0036);
#81=CYLINDRICAL_SURFACE('',#2554,0.002);
#82=CYLINDRICAL_SURFACE('',#2574,0.002);
#83=CYLINDRICAL_SURFACE('',#2577,0.0036);
#84=CYLINDRICAL_SURFACE('',#2580,0.0036);
#85=CYLINDRICAL_SURFACE('',#2583,0.00225);
#86=CYLINDRICAL_SURFACE('',#2586,0.00115);
#87=CYLINDRICAL_SURFACE('',#2589,0.001);
#88=CYLINDRICAL_SURFACE('',#2592,0.001);
#89=CYLINDRICAL_SURFACE('',#2610,0.00075);
#90=CYLINDRICAL_SURFACE('',#2612,0.00075);
#91=CYLINDRICAL_SURFACE('',#2618,0.00075);
#92=CYLINDRICAL_SURFACE('',#2620,0.00075);
#93=CYLINDRICAL_SURFACE('',#2629,0.00075);
#94=CYLINDRICAL_SURFACE('',#2633,0.00075);
#95=CYLINDRICAL_SURFACE('',#2637,0.00075);
#96=CYLINDRICAL_SURFACE('',#2638,0.00075);
#97=CYLINDRICAL_SURFACE('',#2642,0.00075);
#98=CYLINDRICAL_SURFACE('',#2648,0.00075);
#99=CYLINDRICAL_SURFACE('',#2650,0.0015);
#100=CYLINDRICAL_SURFACE('',#2688,0.0036);
#101=CYLINDRICAL_SURFACE('',#2691,0.0036);
#102=CYLINDRICAL_SURFACE('',#2694,0.0036);
#103=CYLINDRICAL_SURFACE('',#2696,0.0036);
#104=CYLINDRICAL_SURFACE('',#2714,0.00195);
#105=CYLINDRICAL_SURFACE('',#2718,0.00195);
#106=CYLINDRICAL_SURFACE('',#2730,0.00095);
#107=CYLINDRICAL_SURFACE('',#2732,0.0023);
#108=CYLINDRICAL_SURFACE('',#2734,0.00095);
#109=CYLINDRICAL_SURFACE('',#2737,0.00195);
#110=CYLINDRICAL_SURFACE('',#2754,0.0025);
#111=CYLINDRICAL_SURFACE('',#2760,0.00075);
#112=CYLINDRICAL_SURFACE('',#2762,0.00075);
#113=CYLINDRICAL_SURFACE('',#2768,0.00075);
#114=CYLINDRICAL_SURFACE('',#2770,0.00075);
#115=CYLINDRICAL_SURFACE('',#2774,0.00155);
#116=CYLINDRICAL_SURFACE('',#2776,0.00155);
#117=CYLINDRICAL_SURFACE('',#2778,0.00155);
#118=CYLINDRICAL_SURFACE('',#2779,0.00155);
#119=FACE_BOUND('',#269,.T.);
#120=FACE_BOUND('',#286,.T.);
#121=FACE_BOUND('',#287,.T.);
#122=FACE_BOUND('',#340,.T.);
#123=FACE_BOUND('',#341,.T.);
#124=FACE_BOUND('',#365,.T.);
#125=FACE_BOUND('',#366,.T.);
#126=FACE_BOUND('',#368,.T.);
#127=FACE_OUTER_BOUND('',#268,.T.);
#128=FACE_OUTER_BOUND('',#270,.T.);
#129=FACE_OUTER_BOUND('',#271,.T.);
#130=FACE_OUTER_BOUND('',#272,.T.);
#131=FACE_OUTER_BOUND('',#273,.T.);
#132=FACE_OUTER_BOUND('',#274,.T.);
#133=FACE_OUTER_BOUND('',#275,.T.);
#134=FACE_OUTER_BOUND('',#276,.T.);
#135=FACE_OUTER_BOUND('',#277,.T.);
#136=FACE_OUTER_BOUND('',#278,.T.);
#137=FACE_OUTER_BOUND('',#279,.T.);
#138=FACE_OUTER_BOUND('',#280,.T.);
#139=FACE_OUTER_BOUND('',#281,.T.);
#140=FACE_OUTER_BOUND('',#282,.T.);
#141=FACE_OUTER_BOUND('',#283,.T.);
#142=FACE_OUTER_BOUND('',#284,.T.);
#143=FACE_OUTER_BOUND('',#285,.T.);
#144=FACE_OUTER_BOUND('',#288,.T.);
#145=FACE_OUTER_BOUND('',#289,.T.);
#146=FACE_OUTER_BOUND('',#290,.T.);
#147=FACE_OUTER_BOUND('',#291,.T.);
#148=FACE_OUTER_BOUND('',#292,.T.);
#149=FACE_OUTER_BOUND('',#293,.T.);
#150=FACE_OUTER_BOUND('',#294,.T.);
#151=FACE_OUTER_BOUND('',#295,.T.);
#152=FACE_OUTER_BOUND('',#296,.T.);
#153=FACE_OUTER_BOUND('',#297,.T.);
#154=FACE_OUTER_BOUND('',#298,.T.);
#155=FACE_OUTER_BOUND('',#299,.T.);
#156=FACE_OUTER_BOUND('',#300,.T.);
#157=FACE_OUTER_BOUND('',#301,.T.);
#158=FACE_OUTER_BOUND('',#302,.T.);
#159=FACE_OUTER_BOUND('',#303,.T.);
#160=FACE_OUTER_BOUND('',#304,.T.);
#161=FACE_OUTER_BOUND('',#305,.T.);
#162=FACE_OUTER_BOUND('',#306,.T.);
#163=FACE_OUTER_BOUND('',#307,.T.);
#164=FACE_OUTER_BOUND('',#308,.T.);
#165=FACE_OUTER_BOUND('',#309,.T.);
#166=FACE_OUTER_BOUND('',#310,.T.);
#167=FACE_OUTER_BOUND('',#311,.T.);
#168=FACE_OUTER_BOUND('',#312,.T.);
#169=FACE_OUTER_BOUND('',#313,.T.);
#170=FACE_OUTER_BOUND('',#314,.T.);
#171=FACE_OUTER_BOUND('',#315,.T.);
#172=FACE_OUTER_BOUND('',#316,.T.);
#173=FACE_OUTER_BOUND('',#317,.T.);
#174=FACE_OUTER_BOUND('',#318,.T.);
#175=FACE_OUTER_BOUND('',#319,.T.);
#176=FACE_OUTER_BOUND('',#320,.T.);
#177=FACE_OUTER_BOUND('',#321,.T.);
#178=FACE_OUTER_BOUND('',#322,.T.);
#179=FACE_OUTER_BOUND('',#323,.T.);
#180=FACE_OUTER_BOUND('',#324,.T.);
#181=FACE_OUTER_BOUND('',#325,.T.);
#182=FACE_OUTER_BOUND('',#326,.T.);
#183=FACE_OUTER_BOUND('',#327,.T.);
#184=FACE_OUTER_BOUND('',#328,.T.);
#185=FACE_OUTER_BOUND('',#329,.T.);
#186=FACE_OUTER_BOUND('',#330,.T.);
#187=FACE_OUTER_BOUND('',#331,.T.);
#188=FACE_OUTER_BOUND('',#332,.T.);
#189=FACE_OUTER_BOUND('',#333,.T.);
#190=FACE_OUTER_BOUND('',#334,.T.);
#191=FACE_OUTER_BOUND('',#335,.T.);
#192=FACE_OUTER_BOUND('',#336,.T.);
#193=FACE_OUTER_BOUND('',#337,.T.);
#194=FACE_OUTER_BOUND('',#338,.T.);
#195=FACE_OUTER_BOUND('',#339,.T.);
#196=FACE_OUTER_BOUND('',#342,.T.);
#197=FACE_OUTER_BOUND('',#343,.T.);
#198=FACE_OUTER_BOUND('',#344,.T.);
#199=FACE_OUTER_BOUND('',#345,.T.);
#200=FACE_OUTER_BOUND('',#346,.T.);
#201=FACE_OUTER_BOUND('',#347,.T.);
#202=FACE_OUTER_BOUND('',#348,.T.);
#203=FACE_OUTER_BOUND('',#349,.T.);
#204=FACE_OUTER_BOUND('',#350,.T.);
#205=FACE_OUTER_BOUND('',#351,.T.);
#206=FACE_OUTER_BOUND('',#352,.T.);
#207=FACE_OUTER_BOUND('',#353,.T.);
#208=FACE_OUTER_BOUND('',#354,.T.);
#209=FACE_OUTER_BOUND('',#355,.T.);
#210=FACE_OUTER_BOUND('',#356,.T.);
#211=FACE_OUTER_BOUND('',#357,.T.);
#212=FACE_OUTER_BOUND('',#358,.T.);
#213=FACE_OUTER_BOUND('',#359,.T.);
#214=FACE_OUTER_BOUND('',#360,.T.);
#215=FACE_OUTER_BOUND('',#361,.T.);
#216=FACE_OUTER_BOUND('',#362,.T.);
#217=FACE_OUTER_BOUND('',#363,.T.);
#218=FACE_OUTER_BOUND('',#364,.T.);
#219=FACE_OUTER_BOUND('',#367,.T.);
#220=FACE_OUTER_BOUND('',#369,.T.);
#221=FACE_OUTER_BOUND('',#370,.T.);
#222=FACE_OUTER_BOUND('',#371,.T.);
#223=FACE_OUTER_BOUND('',#372,.T.);
#224=FACE_OUTER_BOUND('',#373,.T.);
#225=FACE_OUTER_BOUND('',#374,.T.);
#226=FACE_OUTER_BOUND('',#375,.T.);
#227=FACE_OUTER_BOUND('',#376,.T.);
#228=FACE_OUTER_BOUND('',#377,.T.);
#229=FACE_OUTER_BOUND('',#378,.T.);
#230=FACE_OUTER_BOUND('',#379,.T.);
#231=FACE_OUTER_BOUND('',#380,.T.);
#232=FACE_OUTER_BOUND('',#381,.T.);
#233=FACE_OUTER_BOUND('',#382,.T.);
#234=FACE_OUTER_BOUND('',#383,.T.);
#235=FACE_OUTER_BOUND('',#384,.T.);
#236=FACE_OUTER_BOUND('',#385,.T.);
#237=FACE_OUTER_BOUND('',#386,.T.);
#238=FACE_OUTER_BOUND('',#387,.T.);
#239=FACE_OUTER_BOUND('',#388,.T.);
#240=FACE_OUTER_BOUND('',#389,.T.);
#241=FACE_OUTER_BOUND('',#390,.T.);
#242=FACE_OUTER_BOUND('',#391,.T.);
#243=FACE_OUTER_BOUND('',#392,.T.);
#244=FACE_OUTER_BOUND('',#393,.T.);
#245=FACE_OUTER_BOUND('',#394,.T.);
#246=FACE_OUTER_BOUND('',#395,.T.);
#247=FACE_OUTER_BOUND('',#396,.T.);
#248=FACE_OUTER_BOUND('',#397,.T.);
#249=FACE_OUTER_BOUND('',#398,.T.);
#250=FACE_OUTER_BOUND('',#399,.T.);
#251=FACE_OUTER_BOUND('',#400,.T.);
#252=FACE_OUTER_BOUND('',#401,.T.);
#253=FACE_OUTER_BOUND('',#402,.T.);
#254=FACE_OUTER_BOUND('',#403,.T.);
#255=FACE_OUTER_BOUND('',#404,.T.);
#256=FACE_OUTER_BOUND('',#405,.T.);
#257=FACE_OUTER_BOUND('',#406,.T.);
#258=FACE_OUTER_BOUND('',#407,.T.);
#259=FACE_OUTER_BOUND('',#408,.T.);
#260=FACE_OUTER_BOUND('',#409,.T.);
#261=FACE_OUTER_BOUND('',#410,.T.);
#262=FACE_OUTER_BOUND('',#411,.T.);
#263=FACE_OUTER_BOUND('',#412,.T.);
#264=FACE_OUTER_BOUND('',#413,.T.);
#265=FACE_OUTER_BOUND('',#414,.T.);
#266=FACE_OUTER_BOUND('',#415,.T.);
#267=FACE_OUTER_BOUND('',#416,.T.);
#268=EDGE_LOOP('',(#1569,#1570,#1571,#1572,#1573,#1574,#1575,#1576));
#269=EDGE_LOOP('',(#1577,#1578,#1579,#1580));
#270=EDGE_LOOP('',(#1581,#1582,#1583,#1584,#1585,#1586,#1587,#1588,#1589,
#1590,#1591,#1592,#1593,#1594,#1595,#1596,#1597,#1598,#1599,#1600,#1601,
#1602));
#271=EDGE_LOOP('',(#1603,#1604,#1605,#1606,#1607,#1608));
#272=EDGE_LOOP('',(#1609,#1610,#1611,#1612));
#273=EDGE_LOOP('',(#1613,#1614,#1615,#1616,#1617,#1618));
#274=EDGE_LOOP('',(#1619,#1620,#1621,#1622));
#275=EDGE_LOOP('',(#1623,#1624,#1625,#1626));
#276=EDGE_LOOP('',(#1627,#1628,#1629,#1630));
#277=EDGE_LOOP('',(#1631,#1632,#1633,#1634));
#278=EDGE_LOOP('',(#1635,#1636,#1637,#1638));
#279=EDGE_LOOP('',(#1639,#1640,#1641,#1642));
#280=EDGE_LOOP('',(#1643,#1644,#1645,#1646));
#281=EDGE_LOOP('',(#1647,#1648,#1649,#1650));
#282=EDGE_LOOP('',(#1651,#1652,#1653,#1654));
#283=EDGE_LOOP('',(#1655,#1656,#1657,#1658));
#284=EDGE_LOOP('',(#1659,#1660,#1661,#1662));
#285=EDGE_LOOP('',(#1663,#1664,#1665,#1666,#1667,#1668,#1669,#1670));
#286=EDGE_LOOP('',(#1671));
#287=EDGE_LOOP('',(#1672,#1673,#1674,#1675,#1676,#1677,#1678,#1679,#1680,
#1681,#1682,#1683,#1684,#1685,#1686,#1687,#1688,#1689));
#288=EDGE_LOOP('',(#1690,#1691,#1692,#1693,#1694,#1695));
#289=EDGE_LOOP('',(#1696,#1697,#1698,#1699));
#290=EDGE_LOOP('',(#1700,#1701,#1702,#1703,#1704,#1705));
#291=EDGE_LOOP('',(#1706,#1707,#1708,#1709));
#292=EDGE_LOOP('',(#1710,#1711,#1712,#1713));
#293=EDGE_LOOP('',(#1714,#1715,#1716,#1717));
#294=EDGE_LOOP('',(#1718,#1719,#1720,#1721));
#295=EDGE_LOOP('',(#1722,#1723,#1724,#1725));
#296=EDGE_LOOP('',(#1726,#1727,#1728,#1729));
#297=EDGE_LOOP('',(#1730,#1731,#1732,#1733));
#298=EDGE_LOOP('',(#1734,#1735,#1736,#1737));
#299=EDGE_LOOP('',(#1738));
#300=EDGE_LOOP('',(#1739,#1740,#1741,#1742));
#301=EDGE_LOOP('',(#1743,#1744,#1745,#1746));
#302=EDGE_LOOP('',(#1747,#1748,#1749,#1750));
#303=EDGE_LOOP('',(#1751,#1752,#1753,#1754));
#304=EDGE_LOOP('',(#1755,#1756,#1757,#1758));
#305=EDGE_LOOP('',(#1759,#1760,#1761,#1762));
#306=EDGE_LOOP('',(#1763,#1764,#1765,#1766));
#307=EDGE_LOOP('',(#1767,#1768,#1769,#1770));
#308=EDGE_LOOP('',(#1771,#1772,#1773,#1774));
#309=EDGE_LOOP('',(#1775,#1776,#1777,#1778));
#310=EDGE_LOOP('',(#1779,#1780,#1781,#1782));
#311=EDGE_LOOP('',(#1783,#1784,#1785,#1786));
#312=EDGE_LOOP('',(#1787,#1788,#1789,#1790));
#313=EDGE_LOOP('',(#1791,#1792,#1793,#1794));
#314=EDGE_LOOP('',(#1795,#1796,#1797,#1798));
#315=EDGE_LOOP('',(#1799,#1800,#1801,#1802));
#316=EDGE_LOOP('',(#1803,#1804,#1805,#1806));
#317=EDGE_LOOP('',(#1807,#1808,#1809,#1810));
#318=EDGE_LOOP('',(#1811,#1812,#1813,#1814));
#319=EDGE_LOOP('',(#1815,#1816,#1817,#1818));
#320=EDGE_LOOP('',(#1819,#1820,#1821,#1822));
#321=EDGE_LOOP('',(#1823,#1824,#1825,#1826));
#322=EDGE_LOOP('',(#1827,#1828,#1829,#1830,#1831));
#323=EDGE_LOOP('',(#1832,#1833,#1834,#1835));
#324=EDGE_LOOP('',(#1836,#1837,#1838,#1839));
#325=EDGE_LOOP('',(#1840,#1841,#1842,#1843,#1844));
#326=EDGE_LOOP('',(#1845,#1846,#1847,#1848));
#327=EDGE_LOOP('',(#1849,#1850,#1851,#1852));
#328=EDGE_LOOP('',(#1853,#1854,#1855,#1856));
#329=EDGE_LOOP('',(#1857,#1858,#1859,#1860));
#330=EDGE_LOOP('',(#1861,#1862,#1863,#1864));
#331=EDGE_LOOP('',(#1865,#1866,#1867,#1868));
#332=EDGE_LOOP('',(#1869,#1870,#1871,#1872));
#333=EDGE_LOOP('',(#1873,#1874,#1875,#1876,#1877,#1878,#1879,#1880));
#334=EDGE_LOOP('',(#1881,#1882,#1883,#1884));
#335=EDGE_LOOP('',(#1885,#1886,#1887,#1888));
#336=EDGE_LOOP('',(#1889,#1890,#1891,#1892));
#337=EDGE_LOOP('',(#1893,#1894,#1895,#1896));
#338=EDGE_LOOP('',(#1897,#1898,#1899,#1900,#1901));
#339=EDGE_LOOP('',(#1902,#1903,#1904,#1905,#1906,#1907,#1908,#1909));
#340=EDGE_LOOP('',(#1910));
#341=EDGE_LOOP('',(#1911,#1912,#1913,#1914,#1915,#1916,#1917,#1918,#1919,
#1920,#1921,#1922,#1923,#1924,#1925,#1926,#1927,#1928,#1929,#1930,#1931,
#1932,#1933,#1934));
#342=EDGE_LOOP('',(#1935,#1936,#1937,#1938));
#343=EDGE_LOOP('',(#1939,#1940,#1941,#1942));
#344=EDGE_LOOP('',(#1943,#1944,#1945,#1946));
#345=EDGE_LOOP('',(#1947,#1948,#1949,#1950));
#346=EDGE_LOOP('',(#1951,#1952,#1953,#1954));
#347=EDGE_LOOP('',(#1955,#1956,#1957,#1958));
#348=EDGE_LOOP('',(#1959,#1960,#1961,#1962));
#349=EDGE_LOOP('',(#1963,#1964,#1965,#1966));
#350=EDGE_LOOP('',(#1967,#1968,#1969,#1970,#1971,#1972));
#351=EDGE_LOOP('',(#1973,#1974,#1975,#1976));
#352=EDGE_LOOP('',(#1977,#1978,#1979,#1980));
#353=EDGE_LOOP('',(#1981,#1982,#1983,#1984));
#354=EDGE_LOOP('',(#1985,#1986,#1987,#1988));
#355=EDGE_LOOP('',(#1989,#1990,#1991,#1992,#1993,#1994));
#356=EDGE_LOOP('',(#1995,#1996,#1997,#1998));
#357=EDGE_LOOP('',(#1999,#2000,#2001,#2002));
#358=EDGE_LOOP('',(#2003,#2004,#2005,#2006));
#359=EDGE_LOOP('',(#2007,#2008,#2009,#2010));
#360=EDGE_LOOP('',(#2011,#2012,#2013,#2014));
#361=EDGE_LOOP('',(#2015,#2016,#2017,#2018));
#362=EDGE_LOOP('',(#2019,#2020,#2021,#2022));
#363=EDGE_LOOP('',(#2023,#2024,#2025,#2026));
#364=EDGE_LOOP('',(#2027,#2028,#2029,#2030,#2031,#2032,#2033,#2034));
#365=EDGE_LOOP('',(#2035));
#366=EDGE_LOOP('',(#2036,#2037,#2038,#2039,#2040,#2041,#2042,#2043));
#367=EDGE_LOOP('',(#2044,#2045,#2046,#2047,#2048,#2049,#2050,#2051,#2052,
#2053,#2054,#2055,#2056,#2057,#2058,#2059,#2060,#2061));
#368=EDGE_LOOP('',(#2062,#2063,#2064,#2065,#2066,#2067,#2068,#2069));
#369=EDGE_LOOP('',(#2070,#2071,#2072,#2073));
#370=EDGE_LOOP('',(#2074,#2075,#2076,#2077,#2078));
#371=EDGE_LOOP('',(#2079,#2080,#2081,#2082,#2083));
#372=EDGE_LOOP('',(#2084,#2085,#2086,#2087));
#373=EDGE_LOOP('',(#2088,#2089,#2090,#2091));
#374=EDGE_LOOP('',(#2092,#2093,#2094,#2095,#2096,#2097,#2098,#2099,#2100,
#2101));
#375=EDGE_LOOP('',(#2102,#2103,#2104,#2105));
#376=EDGE_LOOP('',(#2106,#2107,#2108,#2109,#2110));
#377=EDGE_LOOP('',(#2111,#2112,#2113,#2114,#2115));
#378=EDGE_LOOP('',(#2116,#2117,#2118,#2119));
#379=EDGE_LOOP('',(#2120,#2121,#2122,#2123));
#380=EDGE_LOOP('',(#2124,#2125,#2126,#2127));
#381=EDGE_LOOP('',(#2128,#2129,#2130,#2131));
#382=EDGE_LOOP('',(#2132,#2133,#2134,#2135));
#383=EDGE_LOOP('',(#2136,#2137,#2138,#2139));
#384=EDGE_LOOP('',(#2140,#2141,#2142,#2143,#2144,#2145,#2146,#2147,#2148,
#2149,#2150,#2151,#2152,#2153,#2154,#2155));
#385=EDGE_LOOP('',(#2156,#2157,#2158,#2159));
#386=EDGE_LOOP('',(#2160,#2161,#2162,#2163));
#387=EDGE_LOOP('',(#2164,#2165,#2166,#2167));
#388=EDGE_LOOP('',(#2168,#2169,#2170,#2171));
#389=EDGE_LOOP('',(#2172,#2173,#2174,#2175));
#390=EDGE_LOOP('',(#2176,#2177,#2178,#2179));
#391=EDGE_LOOP('',(#2180,#2181,#2182,#2183));
#392=EDGE_LOOP('',(#2184,#2185,#2186,#2187));
#393=EDGE_LOOP('',(#2188,#2189,#2190,#2191));
#394=EDGE_LOOP('',(#2192,#2193,#2194,#2195));
#395=EDGE_LOOP('',(#2196,#2197,#2198,#2199));
#396=EDGE_LOOP('',(#2200,#2201,#2202,#2203,#2204));
#397=EDGE_LOOP('',(#2205,#2206,#2207,#2208,#2209,#2210));
#398=EDGE_LOOP('',(#2211,#2212,#2213,#2214,#2215,#2216));
#399=EDGE_LOOP('',(#2217,#2218,#2219,#2220));
#400=EDGE_LOOP('',(#2221,#2222,#2223,#2224));
#401=EDGE_LOOP('',(#2225,#2226,#2227,#2228));
#402=EDGE_LOOP('',(#2229,#2230,#2231,#2232));
#403=EDGE_LOOP('',(#2233,#2234,#2235,#2236));
#404=EDGE_LOOP('',(#2237,#2238,#2239,#2240));
#405=EDGE_LOOP('',(#2241,#2242,#2243,#2244));
#406=EDGE_LOOP('',(#2245,#2246,#2247,#2248));
#407=EDGE_LOOP('',(#2249,#2250,#2251,#2252));
#408=EDGE_LOOP('',(#2253,#2254,#2255,#2256));
#409=EDGE_LOOP('',(#2257,#2258,#2259,#2260));
#410=EDGE_LOOP('',(#2261,#2262,#2263,#2264));
#411=EDGE_LOOP('',(#2265,#2266,#2267,#2268));
#412=EDGE_LOOP('',(#2269,#2270,#2271,#2272));
#413=EDGE_LOOP('',(#2273,#2274,#2275,#2276));
#414=EDGE_LOOP('',(#2277,#2278,#2279,#2280));
#415=EDGE_LOOP('',(#2281,#2282,#2283,#2284));
#416=EDGE_LOOP('',(#2285,#2286,#2287,#2288));
#417=CIRCLE('',#2523,0.00285);
#418=CIRCLE('',#2524,0.00285);
#419=CIRCLE('',#2525,0.00285);
#420=CIRCLE('',#2526,0.00285);
#421=CIRCLE('',#2528,0.00125);
#422=CIRCLE('',#2529,0.00025);
#423=CIRCLE('',#2530,0.003);
#424=CIRCLE('',#2531,0.00025);
#425=CIRCLE('',#2532,0.00125);
#426=CIRCLE('',#2533,0.00125);
#427=CIRCLE('',#2535,0.00075);
#428=CIRCLE('',#2538,0.00075);
#429=CIRCLE('',#2541,0.002);
#430=CIRCLE('',#2542,0.002);
#431=CIRCLE('',#2546,0.0036);
#432=CIRCLE('',#2547,0.0036);
#433=CIRCLE('',#2550,0.0036);
#434=CIRCLE('',#2551,0.0036);
#435=CIRCLE('',#2555,0.002);
#436=CIRCLE('',#2556,0.002);
#437=CIRCLE('',#2559,0.0036);
#438=CIRCLE('',#2560,0.0036);
#439=CIRCLE('',#2561,0.00115);
#440=CIRCLE('',#2562,0.0025);
#441=CIRCLE('',#2563,0.0015);
#442=CIRCLE('',#2564,0.00175);
#443=CIRCLE('',#2565,0.0015);
#444=CIRCLE('',#2566,0.0025);
#445=CIRCLE('',#2567,0.0025);
#446=CIRCLE('',#2569,0.00075);
#447=CIRCLE('',#2572,0.00075);
#448=CIRCLE('',#2575,0.002);
#449=CIRCLE('',#2576,0.002);
#450=CIRCLE('',#2578,0.0036);
#451=CIRCLE('',#2581,0.0036);
#452=CIRCLE('',#2584,0.00225);
#453=CIRCLE('',#2585,0.00225);
#454=CIRCLE('',#2587,0.00115);
#455=CIRCLE('',#2590,0.001);
#456=CIRCLE('',#2591,0.001);
#457=CIRCLE('',#2593,0.001);
#458=CIRCLE('',#2594,0.001);
#459=CIRCLE('',#2608,0.00075);
#460=CIRCLE('',#2609,0.00075);
#461=CIRCLE('',#2611,0.00075);
#462=CIRCLE('',#2613,0.00075);
#463=CIRCLE('',#2615,0.00075);
#464=CIRCLE('',#2617,0.00075);
#465=CIRCLE('',#2619,0.00075);
#466=CIRCLE('',#2621,0.00075);
#467=CIRCLE('',#2624,0.00075);
#468=CIRCLE('',#2628,0.00075);
#469=CIRCLE('',#2630,0.00075);
#470=CIRCLE('',#2632,0.00075);
#471=CIRCLE('',#2634,0.00075);
#472=CIRCLE('',#2636,0.00075);
#473=CIRCLE('',#2639,0.00075);
#474=CIRCLE('',#2641,0.00075);
#475=CIRCLE('',#2643,0.00075);
#476=CIRCLE('',#2644,0.00075);
#477=CIRCLE('',#2646,0.00075);
#478=CIRCLE('',#2647,0.00075);
#479=CIRCLE('',#2651,0.0015);
#480=CIRCLE('',#2652,0.0015);
#481=CIRCLE('',#2653,0.0015);
#482=CIRCLE('',#2655,0.0036);
#483=CIRCLE('',#2656,0.0036);
#484=CIRCLE('',#2657,0.0036);
#485=CIRCLE('',#2658,0.0036);
#486=CIRCLE('',#2659,0.00195);
#487=CIRCLE('',#2660,0.00095);
#488=CIRCLE('',#2661,0.0023);
#489=CIRCLE('',#2662,0.00095);
#490=CIRCLE('',#2663,0.00195);
#491=CIRCLE('',#2664,0.00195);
#492=CIRCLE('',#2668,0.000503519635201077);
#493=CIRCLE('',#2669,0.001);
#494=CIRCLE('',#2672,0.001);
#495=CIRCLE('',#2673,0.000503519635201075);
#496=CIRCLE('',#2679,0.00374648036479892);
#497=CIRCLE('',#2680,0.00325);
#498=CIRCLE('',#2683,0.00050351963520108);
#499=CIRCLE('',#2684,0.001);
#500=CIRCLE('',#2689,0.0036);
#501=CIRCLE('',#2692,0.0036);
#502=CIRCLE('',#2695,0.0036);
#503=CIRCLE('',#2697,0.0036);
#504=CIRCLE('',#2700,0.00285);
#505=CIRCLE('',#2701,0.00285);
#506=CIRCLE('',#2702,0.00285);
#507=CIRCLE('',#2703,0.00285);
#508=CIRCLE('',#2704,0.0025);
#509=CIRCLE('',#2705,0.00155);
#510=CIRCLE('',#2706,0.00155);
#511=CIRCLE('',#2707,0.00155);
#512=CIRCLE('',#2708,0.00155);
#513=CIRCLE('',#2710,0.00155);
#514=CIRCLE('',#2711,0.00155);
#515=CIRCLE('',#2712,0.00155);
#516=CIRCLE('',#2713,0.00155);
#517=CIRCLE('',#2715,0.00195);
#518=CIRCLE('',#2719,0.00195);
#519=CIRCLE('',#2723,0.00166132486540519);
#520=CIRCLE('',#2724,0.00166132486540519);
#521=CIRCLE('',#2731,0.00095);
#522=CIRCLE('',#2733,0.0023);
#523=CIRCLE('',#2735,0.00095);
#524=CIRCLE('',#2738,0.00195);
#525=CIRCLE('',#2740,0.000661324865405185);
#526=CIRCLE('',#2741,0.00258867513459481);
#527=CIRCLE('',#2742,0.000661324865405185);
#528=CIRCLE('',#2743,0.00166132486540519);
#529=CIRCLE('',#2755,0.0025);
#530=CIRCLE('',#2758,0.00075);
#531=CIRCLE('',#2759,0.00075);
#532=CIRCLE('',#2761,0.00075);
#533=CIRCLE('',#2763,0.00075);
#534=CIRCLE('',#2765,0.00075);
#535=CIRCLE('',#2767,0.00075);
#536=CIRCLE('',#2769,0.00075);
#537=CIRCLE('',#2771,0.00075);
#538=LINE('',#3537,#761);
#539=LINE('',#3541,#762);
#540=LINE('',#3545,#763);
#541=LINE('',#3549,#764);
#542=LINE('',#3553,#765);
#543=LINE('',#3555,#766);
#544=LINE('',#3557,#767);
#545=LINE('',#3558,#768);
#546=LINE('',#3562,#769);
#547=LINE('',#3564,#770);
#548=LINE('',#3566,#771);
#549=LINE('',#3568,#772);
#550=LINE('',#3570,#773);
#551=LINE('',#3574,#774);
#552=LINE('',#3576,#775);
#553=LINE('',#3578,#776);
#554=LINE('',#3580,#777);
#555=LINE('',#3582,#778);
#556=LINE('',#3590,#779);
#557=LINE('',#3592,#780);
#558=LINE('',#3594,#781);
#559=LINE('',#3596,#782);
#560=LINE('',#3598,#783);
#561=LINE('',#3602,#784);
#562=LINE('',#3607,#785);
#563=LINE('',#3609,#786);
#564=LINE('',#3611,#787);
#565=LINE('',#3613,#788);
#566=LINE('',#3616,#789);
#567=LINE('',#3617,#790);
#568=LINE('',#3622,#791);
#569=LINE('',#3624,#792);
#570=LINE('',#3625,#793);
#571=LINE('',#3628,#794);
#572=LINE('',#3630,#795);
#573=LINE('',#3631,#796);
#574=LINE('',#3636,#797);
#575=LINE('',#3640,#798);
#576=LINE('',#3642,#799);
#577=LINE('',#3643,#800);
#578=LINE('',#3647,#801);
#579=LINE('',#3649,#802);
#580=LINE('',#3651,#803);
#581=LINE('',#3652,#804);
#582=LINE('',#3657,#805);
#583=LINE('',#3661,#806);
#584=LINE('',#3663,#807);
#585=LINE('',#3664,#808);
#586=LINE('',#3669,#809);
#587=LINE('',#3673,#810);
#588=LINE('',#3675,#811);
#589=LINE('',#3676,#812);
#590=LINE('',#3680,#813);
#591=LINE('',#3682,#814);
#592=LINE('',#3684,#815);
#593=LINE('',#3685,#816);
#594=LINE('',#3690,#817);
#595=LINE('',#3693,#818);
#596=LINE('',#3694,#819);
#597=LINE('',#3700,#820);
#598=LINE('',#3707,#821);
#599=LINE('',#3709,#822);
#600=LINE('',#3711,#823);
#601=LINE('',#3713,#824);
#602=LINE('',#3715,#825);
#603=LINE('',#3723,#826);
#604=LINE('',#3726,#827);
#605=LINE('',#3728,#828);
#606=LINE('',#3731,#829);
#607=LINE('',#3736,#830);
#608=LINE('',#3737,#831);
#609=LINE('',#3738,#832);
#610=LINE('',#3740,#833);
#611=LINE('',#3743,#834);
#612=LINE('',#3745,#835);
#613=LINE('',#3750,#836);
#614=LINE('',#3751,#837);
#615=LINE('',#3752,#838);
#616=LINE('',#3758,#839);
#617=LINE('',#3762,#840);
#618=LINE('',#3763,#841);
#619=LINE('',#3768,#842);
#620=LINE('',#3770,#843);
#621=LINE('',#3771,#844);
#622=LINE('',#3775,#845);
#623=LINE('',#3779,#846);
#624=LINE('',#3784,#847);
#625=LINE('',#3793,#848);
#626=LINE('',#3795,#849);
#627=LINE('',#3797,#850);
#628=LINE('',#3799,#851);
#629=LINE('',#3802,#852);
#630=LINE('',#3804,#853);
#631=LINE('',#3806,#854);
#632=LINE('',#3808,#855);
#633=LINE('',#3810,#856);
#634=LINE('',#3812,#857);
#635=LINE('',#3832,#858);
#636=LINE('',#3833,#859);
#637=LINE('',#3836,#860);
#638=LINE('',#3839,#861);
#639=LINE('',#3840,#862);
#640=LINE('',#3899,#863);
#641=LINE('',#3907,#864);
#642=LINE('',#3911,#865);
#643=LINE('',#3915,#866);
#644=LINE('',#3918,#867);
#645=LINE('',#3921,#868);
#646=LINE('',#3934,#869);
#647=LINE('',#3936,#870);
#648=LINE('',#3938,#871);
#649=LINE('',#3940,#872);
#650=LINE('',#3942,#873);
#651=LINE('',#3944,#874);
#652=LINE('',#3948,#875);
#653=LINE('',#3956,#876);
#654=LINE('',#3958,#877);
#655=LINE('',#3960,#878);
#656=LINE('',#3962,#879);
#657=LINE('',#3964,#880);
#658=LINE('',#3966,#881);
#659=LINE('',#3979,#882);
#660=LINE('',#3983,#883);
#661=LINE('',#3988,#884);
#662=LINE('',#3989,#885);
#663=LINE('',#3990,#886);
#664=LINE('',#3993,#887);
#665=LINE('',#3994,#888);
#666=LINE('',#4006,#889);
#667=LINE('',#4009,#890);
#668=LINE('',#4011,#891);
#669=LINE('',#4012,#892);
#670=LINE('',#4025,#893);
#671=LINE('',#4026,#894);
#672=LINE('',#4027,#895);
#673=LINE('',#4030,#896);
#674=LINE('',#4031,#897);
#675=LINE('',#4034,#898);
#676=LINE('',#4035,#899);
#677=LINE('',#4039,#900);
#678=LINE('',#4045,#901);
#679=LINE('',#4046,#902);
#680=LINE('',#4065,#903);
#681=LINE('',#4072,#904);
#682=LINE('',#4073,#905);
#683=LINE('',#4077,#906);
#684=LINE('',#4082,#907);
#685=LINE('',#4083,#908);
#686=LINE('',#4085,#909);
#687=LINE('',#4087,#910);
#688=LINE('',#4088,#911);
#689=LINE('',#4091,#912);
#690=LINE('',#4093,#913);
#691=LINE('',#4094,#914);
#692=LINE('',#4097,#915);
#693=LINE('',#4101,#916);
#694=LINE('',#4102,#917);
#695=LINE('',#4105,#918);
#696=LINE('',#4109,#919);
#697=LINE('',#4110,#920);
#698=LINE('',#4113,#921);
#699=LINE('',#4118,#922);
#700=LINE('',#4120,#923);
#701=LINE('',#4124,#924);
#702=LINE('',#4128,#925);
#703=LINE('',#4132,#926);
#704=LINE('',#4136,#927);
#705=LINE('',#4142,#928);
#706=LINE('',#4146,#929);
#707=LINE('',#4150,#930);
#708=LINE('',#4154,#931);
#709=LINE('',#4203,#932);
#710=LINE('',#4207,#933);
#711=LINE('',#4211,#934);
#712=LINE('',#4215,#935);
#713=LINE('',#4219,#936);
#714=LINE('',#4222,#937);
#715=LINE('',#4225,#938);
#716=LINE('',#4227,#939);
#717=LINE('',#4228,#940);
#718=LINE('',#4232,#941);
#719=LINE('',#4233,#942);
#720=LINE('',#4235,#943);
#721=LINE('',#4236,#944);
#722=LINE('',#4239,#945);
#723=LINE('',#4242,#946);
#724=LINE('',#4248,#947);
#725=LINE('',#4253,#948);
#726=LINE('',#4255,#949);
#727=LINE('',#4256,#950);
#728=LINE('',#4259,#951);
#729=LINE('',#4260,#952);
#730=LINE('',#4263,#953);
#731=LINE('',#4265,#954);
#732=LINE('',#4266,#955);
#733=LINE('',#4269,#956);
#734=LINE('',#4270,#957);
#735=LINE('',#4273,#958);
#736=LINE('',#4277,#959);
#737=LINE('',#4281,#960);
#738=LINE('',#4285,#961);
#739=LINE('',#4286,#962);
#740=LINE('',#4291,#963);
#741=LINE('',#4299,#964);
#742=LINE('',#4302,#965);
#743=LINE('',#4332,#966);
#744=LINE('',#4334,#967);
#745=LINE('',#4337,#968);
#746=LINE('',#4339,#969);
#747=LINE('',#4341,#970);
#748=LINE('',#4343,#971);
#749=LINE('',#4345,#972);
#750=LINE('',#4347,#973);
#751=LINE('',#4352,#974);
#752=LINE('',#4354,#975);
#753=LINE('',#4420,#976);
#754=LINE('',#4421,#977);
#755=LINE('',#4423,#978);
#756=LINE('',#4425,#979);
#757=LINE('',#4427,#980);
#758=LINE('',#4429,#981);
#759=LINE('',#4431,#982);
#760=LINE('',#4433,#983);
#761=VECTOR('',#2789,1.);
#762=VECTOR('',#2792,1.);
#763=VECTOR('',#2795,1.);
#764=VECTOR('',#2798,1.);
#765=VECTOR('',#2801,1.);
#766=VECTOR('',#2802,1.);
#767=VECTOR('',#2803,1.);
#768=VECTOR('',#2804,1.);
#769=VECTOR('',#2807,1.);
#770=VECTOR('',#2808,1.);
#771=VECTOR('',#2809,1.);
#772=VECTOR('',#2810,1.);
#773=VECTOR('',#2811,1.);
#774=VECTOR('',#2814,1.);
#775=VECTOR('',#2815,1.);
#776=VECTOR('',#2816,1.);
#777=VECTOR('',#2817,1.);
#778=VECTOR('',#2818,1.);
#779=VECTOR('',#2825,1.);
#780=VECTOR('',#2826,1.);
#781=VECTOR('',#2827,1.);
#782=VECTOR('',#2828,1.);
#783=VECTOR('',#2829,1.);
#784=VECTOR('',#2832,1.);
#785=VECTOR('',#2837,1.);
#786=VECTOR('',#2838,1.);
#787=VECTOR('',#2839,1.);
#788=VECTOR('',#2842,1.);
#789=VECTOR('',#2845,1.);
#790=VECTOR('',#2846,1.);
#791=VECTOR('',#2851,1.);
#792=VECTOR('',#2852,1.);
#793=VECTOR('',#2853,1.);
#794=VECTOR('',#2856,1.);
#795=VECTOR('',#2857,1.);
#796=VECTOR('',#2858,1.);
#797=VECTOR('',#2863,1.);
#798=VECTOR('',#2868,1.);
#799=VECTOR('',#2869,1.);
#800=VECTOR('',#2870,1.);
#801=VECTOR('',#2873,1.);
#802=VECTOR('',#2874,1.);
#803=VECTOR('',#2875,1.);
#804=VECTOR('',#2876,1.);
#805=VECTOR('',#2881,1.);
#806=VECTOR('',#2886,1.);
#807=VECTOR('',#2887,1.);
#808=VECTOR('',#2888,1.);
#809=VECTOR('',#2893,1.);
#810=VECTOR('',#2898,1.);
#811=VECTOR('',#2899,1.);
#812=VECTOR('',#2900,1.);
#813=VECTOR('',#2903,1.);
#814=VECTOR('',#2904,1.);
#815=VECTOR('',#2905,1.);
#816=VECTOR('',#2906,1.);
#817=VECTOR('',#2911,1.);
#818=VECTOR('',#2916,1.);
#819=VECTOR('',#2917,1.);
#820=VECTOR('',#2924,1.);
#821=VECTOR('',#2929,1.);
#822=VECTOR('',#2930,1.);
#823=VECTOR('',#2931,1.);
#824=VECTOR('',#2932,1.);
#825=VECTOR('',#2933,1.);
#826=VECTOR('',#2940,1.);
#827=VECTOR('',#2943,1.);
#828=VECTOR('',#2944,1.);
#829=VECTOR('',#2947,1.);
#830=VECTOR('',#2952,1.);
#831=VECTOR('',#2953,1.);
#832=VECTOR('',#2954,1.);
#833=VECTOR('',#2957,1.);
#834=VECTOR('',#2960,1.);
#835=VECTOR('',#2961,1.);
#836=VECTOR('',#2966,1.);
#837=VECTOR('',#2967,1.);
#838=VECTOR('',#2968,1.);
#839=VECTOR('',#2977,1.);
#840=VECTOR('',#2982,1.);
#841=VECTOR('',#2983,1.);
#842=VECTOR('',#2990,1.);
#843=VECTOR('',#2991,1.);
#844=VECTOR('',#2992,1.);
#845=VECTOR('',#2995,1.);
#846=VECTOR('',#2998,1.);
#847=VECTOR('',#3005,0.00115);
#848=VECTOR('',#3022,1.);
#849=VECTOR('',#3025,1.);
#850=VECTOR('',#3028,1.);
#851=VECTOR('',#3031,1.);
#852=VECTOR('',#3036,1.);
#853=VECTOR('',#3039,1.);
#854=VECTOR('',#3042,1.);
#855=VECTOR('',#3045,1.);
#856=VECTOR('',#3048,1.);
#857=VECTOR('',#3051,1.);
#858=VECTOR('',#3088,1.);
#859=VECTOR('',#3089,1.);
#860=VECTOR('',#3094,1.);
#861=VECTOR('',#3097,1.);
#862=VECTOR('',#3098,1.);
#863=VECTOR('',#3149,0.0015);
#864=VECTOR('',#3158,1.);
#865=VECTOR('',#3161,1.);
#866=VECTOR('',#3164,1.);
#867=VECTOR('',#3167,1.);
#868=VECTOR('',#3168,1.);
#869=VECTOR('',#3169,1.);
#870=VECTOR('',#3170,1.);
#871=VECTOR('',#3171,1.);
#872=VECTOR('',#3172,1.);
#873=VECTOR('',#3173,1.);
#874=VECTOR('',#3174,1.);
#875=VECTOR('',#3177,1.);
#876=VECTOR('',#3184,1.);
#877=VECTOR('',#3185,1.);
#878=VECTOR('',#3186,1.);
#879=VECTOR('',#3187,1.);
#880=VECTOR('',#3188,1.);
#881=VECTOR('',#3189,1.);
#882=VECTOR('',#3190,1.);
#883=VECTOR('',#3193,1.);
#884=VECTOR('',#3198,1.);
#885=VECTOR('',#3199,1.);
#886=VECTOR('',#3200,1.);
#887=VECTOR('',#3203,0.01);
#888=VECTOR('',#3204,1.);
#889=VECTOR('',#3211,1.);
#890=VECTOR('',#3214,1.);
#891=VECTOR('',#3215,1.);
#892=VECTOR('',#3216,1.);
#893=VECTOR('',#3225,1.);
#894=VECTOR('',#3226,0.01);
#895=VECTOR('',#3227,1.);
#896=VECTOR('',#3230,1.);
#897=VECTOR('',#3231,1.);
#898=VECTOR('',#3234,1.);
#899=VECTOR('',#3235,1.);
#900=VECTOR('',#3238,1.);
#901=VECTOR('',#3239,1.);
#902=VECTOR('',#3240,1.);
#903=VECTOR('',#3249,1.);
#904=VECTOR('',#3250,1.);
#905=VECTOR('',#3251,1.);
#906=VECTOR('',#3254,1.);
#907=VECTOR('',#3261,1.);
#908=VECTOR('',#3262,1.);
#909=VECTOR('',#3265,1.);
#910=VECTOR('',#3266,1.);
#911=VECTOR('',#3267,1.);
#912=VECTOR('',#3270,1.);
#913=VECTOR('',#3271,1.);
#914=VECTOR('',#3272,1.);
#915=VECTOR('',#3275,1.);
#916=VECTOR('',#3280,1.);
#917=VECTOR('',#3281,1.);
#918=VECTOR('',#3284,1.);
#919=VECTOR('',#3289,1.);
#920=VECTOR('',#3290,1.);
#921=VECTOR('',#3293,1.);
#922=VECTOR('',#3300,1.);
#923=VECTOR('',#3303,1.);
#924=VECTOR('',#3306,1.);
#925=VECTOR('',#3309,1.);
#926=VECTOR('',#3312,1.);
#927=VECTOR('',#3315,1.);
#928=VECTOR('',#3320,1.);
#929=VECTOR('',#3323,1.);
#930=VECTOR('',#3326,1.);
#931=VECTOR('',#3329,1.);
#932=VECTOR('',#3334,1.);
#933=VECTOR('',#3337,1.);
#934=VECTOR('',#3340,1.);
#935=VECTOR('',#3343,1.);
#936=VECTOR('',#3348,1.);
#937=VECTOR('',#3351,1.);
#938=VECTOR('',#3354,0.01);
#939=VECTOR('',#3355,1.);
#940=VECTOR('',#3356,1.);
#941=VECTOR('',#3359,1.);
#942=VECTOR('',#3360,0.01);
#943=VECTOR('',#3361,1.);
#944=VECTOR('',#3362,1.);
#945=VECTOR('',#3365,1.);
#946=VECTOR('',#3370,1.);
#947=VECTOR('',#3377,1.);
#948=VECTOR('',#3384,1.);
#949=VECTOR('',#3385,1.);
#950=VECTOR('',#3386,1.);
#951=VECTOR('',#3389,1.);
#952=VECTOR('',#3390,1.);
#953=VECTOR('',#3393,1.);
#954=VECTOR('',#3394,1.);
#955=VECTOR('',#3395,1.);
#956=VECTOR('',#3398,1.);
#957=VECTOR('',#3399,1.);
#958=VECTOR('',#3402,1.);
#959=VECTOR('',#3407,1.);
#960=VECTOR('',#3412,1.);
#961=VECTOR('',#3417,1.);
#962=VECTOR('',#3418,1.);
#963=VECTOR('',#3425,1.);
#964=VECTOR('',#3432,1.);
#965=VECTOR('',#3435,1.);
#966=VECTOR('',#3438,1.);
#967=VECTOR('',#3441,1.);
#968=VECTOR('',#3446,1.);
#969=VECTOR('',#3449,0.999999999999998);
#970=VECTOR('',#3452,1.);
#971=VECTOR('',#3455,1.);
#972=VECTOR('',#3458,1.);
#973=VECTOR('',#3461,1.);
#974=VECTOR('',#3468,0.0025);
#975=VECTOR('',#3471,0.0015);
#976=VECTOR('',#3506,1.);
#977=VECTOR('',#3507,1.);
#978=VECTOR('',#3510,1.);
#979=VECTOR('',#3513,1.);
#980=VECTOR('',#3516,1.);
#981=VECTOR('',#3519,1.);
#982=VECTOR('',#3522,1.);
#983=VECTOR('',#3525,1.);
#984=VERTEX_POINT('',#3535);
#985=VERTEX_POINT('',#3536);
#986=VERTEX_POINT('',#3538);
#987=VERTEX_POINT('',#3540);
#988=VERTEX_POINT('',#3542);
#989=VERTEX_POINT('',#3544);
#990=VERTEX_POINT('',#3546);
#991=VERTEX_POINT('',#3548);
#992=VERTEX_POINT('',#3551);
#993=VERTEX_POINT('',#3552);
#994=VERTEX_POINT('',#3554);
#995=VERTEX_POINT('',#3556);
#996=VERTEX_POINT('',#3560);
#997=VERTEX_POINT('',#3561);
#998=VERTEX_POINT('',#3563);
#999=VERTEX_POINT('',#3565);
#1000=VERTEX_POINT('',#3567);
#1001=VERTEX_POINT('',#3569);
#1002=VERTEX_POINT('',#3571);
#1003=VERTEX_POINT('',#3573);
#1004=VERTEX_POINT('',#3575);
#1005=VERTEX_POINT('',#3577);
#1006=VERTEX_POINT('',#3579);
#1007=VERTEX_POINT('',#3581);
#1008=VERTEX_POINT('',#3583);
#1009=VERTEX_POINT('',#3585);
#1010=VERTEX_POINT('',#3587);
#1011=VERTEX_POINT('',#3589);
#1012=VERTEX_POINT('',#3591);
#1013=VERTEX_POINT('',#3593);
#1014=VERTEX_POINT('',#3595);
#1015=VERTEX_POINT('',#3597);
#1016=VERTEX_POINT('',#3599);
#1017=VERTEX_POINT('',#3601);
#1018=VERTEX_POINT('',#3605);
#1019=VERTEX_POINT('',#3606);
#1020=VERTEX_POINT('',#3608);
#1021=VERTEX_POINT('',#3610);
#1022=VERTEX_POINT('',#3615);
#1023=VERTEX_POINT('',#3619);
#1024=VERTEX_POINT('',#3621);
#1025=VERTEX_POINT('',#3623);
#1026=VERTEX_POINT('',#3627);
#1027=VERTEX_POINT('',#3629);
#1028=VERTEX_POINT('',#3633);
#1029=VERTEX_POINT('',#3635);
#1030=VERTEX_POINT('',#3639);
#1031=VERTEX_POINT('',#3641);
#1032=VERTEX_POINT('',#3645);
#1033=VERTEX_POINT('',#3646);
#1034=VERTEX_POINT('',#3648);
#1035=VERTEX_POINT('',#3650);
#1036=VERTEX_POINT('',#3654);
#1037=VERTEX_POINT('',#3656);
#1038=VERTEX_POINT('',#3660);
#1039=VERTEX_POINT('',#3662);
#1040=VERTEX_POINT('',#3666);
#1041=VERTEX_POINT('',#3668);
#1042=VERTEX_POINT('',#3672);
#1043=VERTEX_POINT('',#3674);
#1044=VERTEX_POINT('',#3678);
#1045=VERTEX_POINT('',#3679);
#1046=VERTEX_POINT('',#3681);
#1047=VERTEX_POINT('',#3683);
#1048=VERTEX_POINT('',#3687);
#1049=VERTEX_POINT('',#3689);
#1050=VERTEX_POINT('',#3696);
#1051=VERTEX_POINT('',#3698);
#1052=VERTEX_POINT('',#3701);
#1053=VERTEX_POINT('',#3703);
#1054=VERTEX_POINT('',#3704);
#1055=VERTEX_POINT('',#3706);
#1056=VERTEX_POINT('',#3708);
#1057=VERTEX_POINT('',#3710);
#1058=VERTEX_POINT('',#3712);
#1059=VERTEX_POINT('',#3714);
#1060=VERTEX_POINT('',#3716);
#1061=VERTEX_POINT('',#3718);
#1062=VERTEX_POINT('',#3720);
#1063=VERTEX_POINT('',#3722);
#1064=VERTEX_POINT('',#3724);
#1065=VERTEX_POINT('',#3727);
#1066=VERTEX_POINT('',#3729);
#1067=VERTEX_POINT('',#3733);
#1068=VERTEX_POINT('',#3735);
#1069=VERTEX_POINT('',#3742);
#1070=VERTEX_POINT('',#3744);
#1071=VERTEX_POINT('',#3748);
#1072=VERTEX_POINT('',#3749);
#1073=VERTEX_POINT('',#3757);
#1074=VERTEX_POINT('',#3761);
#1075=VERTEX_POINT('',#3767);
#1076=VERTEX_POINT('',#3769);
#1077=VERTEX_POINT('',#3773);
#1078=VERTEX_POINT('',#3774);
#1079=VERTEX_POINT('',#3776);
#1080=VERTEX_POINT('',#3778);
#1081=VERTEX_POINT('',#3782);
#1082=VERTEX_POINT('',#3831);
#1083=VERTEX_POINT('',#3838);
#1084=VERTEX_POINT('',#3895);
#1085=VERTEX_POINT('',#3896);
#1086=VERTEX_POINT('',#3898);
#1087=VERTEX_POINT('',#3903);
#1088=VERTEX_POINT('',#3904);
#1089=VERTEX_POINT('',#3906);
#1090=VERTEX_POINT('',#3908);
#1091=VERTEX_POINT('',#3910);
#1092=VERTEX_POINT('',#3912);
#1093=VERTEX_POINT('',#3914);
#1094=VERTEX_POINT('',#3916);
#1095=VERTEX_POINT('',#3919);
#1096=VERTEX_POINT('',#3920);
#1097=VERTEX_POINT('',#3922);
#1098=VERTEX_POINT('',#3933);
#1099=VERTEX_POINT('',#3935);
#1100=VERTEX_POINT('',#3937);
#1101=VERTEX_POINT('',#3939);
#1102=VERTEX_POINT('',#3941);
#1103=VERTEX_POINT('',#3943);
#1104=VERTEX_POINT('',#3945);
#1105=VERTEX_POINT('',#3947);
#1106=VERTEX_POINT('',#3949);
#1107=VERTEX_POINT('',#3951);
#1108=VERTEX_POINT('',#3953);
#1109=VERTEX_POINT('',#3955);
#1110=VERTEX_POINT('',#3957);
#1111=VERTEX_POINT('',#3959);
#1112=VERTEX_POINT('',#3961);
#1113=VERTEX_POINT('',#3963);
#1114=VERTEX_POINT('',#3965);
#1115=VERTEX_POINT('',#3967);
#1116=VERTEX_POINT('',#3978);
#1117=VERTEX_POINT('',#3980);
#1118=VERTEX_POINT('',#3982);
#1119=VERTEX_POINT('',#3986);
#1120=VERTEX_POINT('',#3987);
#1121=VERTEX_POINT('',#3992);
#1122=VERTEX_POINT('',#3996);
#1123=VERTEX_POINT('',#3997);
#1124=VERTEX_POINT('',#3999);
#1125=VERTEX_POINT('',#4004);
#1126=VERTEX_POINT('',#4008);
#1127=VERTEX_POINT('',#4010);
#1128=VERTEX_POINT('',#4014);
#1129=VERTEX_POINT('',#4016);
#1130=VERTEX_POINT('',#4023);
#1131=VERTEX_POINT('',#4024);
#1132=VERTEX_POINT('',#4029);
#1133=VERTEX_POINT('',#4033);
#1134=VERTEX_POINT('',#4037);
#1135=VERTEX_POINT('',#4038);
#1136=VERTEX_POINT('',#4040);
#1137=VERTEX_POINT('',#4048);
#1138=VERTEX_POINT('',#4049);
#1139=VERTEX_POINT('',#4051);
#1140=VERTEX_POINT('',#4056);
#1141=VERTEX_POINT('',#4063);
#1142=VERTEX_POINT('',#4064);
#1143=VERTEX_POINT('',#4066);
#1144=VERTEX_POINT('',#4071);
#1145=VERTEX_POINT('',#4075);
#1146=VERTEX_POINT('',#4076);
#1147=VERTEX_POINT('',#4081);
#1148=VERTEX_POINT('',#4086);
#1149=VERTEX_POINT('',#4090);
#1150=VERTEX_POINT('',#4092);
#1151=VERTEX_POINT('',#4096);
#1152=VERTEX_POINT('',#4100);
#1153=VERTEX_POINT('',#4104);
#1154=VERTEX_POINT('',#4108);
#1155=VERTEX_POINT('',#4112);
#1156=VERTEX_POINT('',#4116);
#1157=VERTEX_POINT('',#4122);
#1158=VERTEX_POINT('',#4123);
#1159=VERTEX_POINT('',#4125);
#1160=VERTEX_POINT('',#4127);
#1161=VERTEX_POINT('',#4129);
#1162=VERTEX_POINT('',#4131);
#1163=VERTEX_POINT('',#4133);
#1164=VERTEX_POINT('',#4135);
#1165=VERTEX_POINT('',#4138);
#1166=VERTEX_POINT('',#4140);
#1167=VERTEX_POINT('',#4141);
#1168=VERTEX_POINT('',#4143);
#1169=VERTEX_POINT('',#4145);
#1170=VERTEX_POINT('',#4147);
#1171=VERTEX_POINT('',#4149);
#1172=VERTEX_POINT('',#4151);
#1173=VERTEX_POINT('',#4153);
#1174=VERTEX_POINT('',#4201);
#1175=VERTEX_POINT('',#4202);
#1176=VERTEX_POINT('',#4204);
#1177=VERTEX_POINT('',#4206);
#1178=VERTEX_POINT('',#4208);
#1179=VERTEX_POINT('',#4210);
#1180=VERTEX_POINT('',#4212);
#1181=VERTEX_POINT('',#4214);
#1182=VERTEX_POINT('',#4218);
#1183=VERTEX_POINT('',#4220);
#1184=VERTEX_POINT('',#4224);
#1185=VERTEX_POINT('',#4226);
#1186=VERTEX_POINT('',#4230);
#1187=VERTEX_POINT('',#4231);
#1188=VERTEX_POINT('',#4234);
#1189=VERTEX_POINT('',#4238);
#1190=VERTEX_POINT('',#4245);
#1191=VERTEX_POINT('',#4247);
#1192=VERTEX_POINT('',#4252);
#1193=VERTEX_POINT('',#4254);
#1194=VERTEX_POINT('',#4258);
#1195=VERTEX_POINT('',#4262);
#1196=VERTEX_POINT('',#4264);
#1197=VERTEX_POINT('',#4268);
#1198=VERTEX_POINT('',#4272);
#1199=VERTEX_POINT('',#4276);
#1200=VERTEX_POINT('',#4280);
#1201=VERTEX_POINT('',#4284);
#1202=VERTEX_POINT('',#4290);
#1203=VERTEX_POINT('',#4292);
#1204=VERTEX_POINT('',#4294);
#1205=VERTEX_POINT('',#4296);
#1206=VERTEX_POINT('',#4298);
#1207=VERTEX_POINT('',#4300);
#1208=VERTEX_POINT('',#4350);
#1209=EDGE_CURVE('',#984,#985,#538,.F.);
#1210=EDGE_CURVE('',#985,#986,#417,.F.);
#1211=EDGE_CURVE('',#986,#987,#539,.T.);
#1212=EDGE_CURVE('',#987,#988,#418,.F.);
#1213=EDGE_CURVE('',#988,#989,#540,.T.);
#1214=EDGE_CURVE('',#989,#990,#419,.F.);
#1215=EDGE_CURVE('',#990,#991,#541,.T.);
#1216=EDGE_CURVE('',#991,#984,#420,.F.);
#1217=EDGE_CURVE('',#992,#993,#542,.T.);
#1218=EDGE_CURVE('',#993,#994,#543,.T.);
#1219=EDGE_CURVE('',#995,#994,#544,.T.);
#1220=EDGE_CURVE('',#992,#995,#545,.T.);
#1221=EDGE_CURVE('',#996,#997,#546,.F.);
#1222=EDGE_CURVE('',#997,#998,#547,.T.);
#1223=EDGE_CURVE('',#998,#999,#548,.T.);
#1224=EDGE_CURVE('',#999,#1000,#549,.T.);
#1225=EDGE_CURVE('',#1000,#1001,#550,.T.);
#1226=EDGE_CURVE('',#1001,#1002,#421,.F.);
#1227=EDGE_CURVE('',#1002,#1003,#551,.T.);
#1228=EDGE_CURVE('',#1003,#1004,#552,.T.);
#1229=EDGE_CURVE('',#1005,#1004,#553,.T.);
#1230=EDGE_CURVE('',#1006,#1005,#554,.T.);
#1231=EDGE_CURVE('',#1006,#1007,#555,.T.);
#1232=EDGE_CURVE('',#1007,#1008,#422,.F.);
#1233=EDGE_CURVE('',#1008,#1009,#423,.T.);
#1234=EDGE_CURVE('',#1009,#1010,#424,.F.);
#1235=EDGE_CURVE('',#1010,#1011,#556,.F.);
#1236=EDGE_CURVE('',#1012,#1011,#557,.T.);
#1237=EDGE_CURVE('',#1013,#1012,#558,.T.);
#1238=EDGE_CURVE('',#1014,#1013,#559,.T.);
#1239=EDGE_CURVE('',#1014,#1015,#560,.T.);
#1240=EDGE_CURVE('',#1015,#1016,#425,.F.);
#1241=EDGE_CURVE('',#1016,#1017,#561,.F.);
#1242=EDGE_CURVE('',#1017,#996,#426,.F.);
#1243=EDGE_CURVE('',#1018,#1019,#562,.T.);
#1244=EDGE_CURVE('',#1019,#1020,#563,.T.);
#1245=EDGE_CURVE('',#1021,#1020,#564,.T.);
#1246=EDGE_CURVE('',#1021,#1000,#427,.T.);
#1247=EDGE_CURVE('',#999,#1018,#565,.T.);
#1248=EDGE_CURVE('',#998,#1022,#566,.T.);
#1249=EDGE_CURVE('',#1022,#1018,#567,.T.);
#1250=EDGE_CURVE('',#997,#1023,#428,.T.);
#1251=EDGE_CURVE('',#1023,#1024,#568,.T.);
#1252=EDGE_CURVE('',#1024,#1025,#569,.F.);
#1253=EDGE_CURVE('',#1025,#1022,#570,.T.);
#1254=EDGE_CURVE('',#1023,#1026,#571,.T.);
#1255=EDGE_CURVE('',#1026,#1027,#572,.T.);
#1256=EDGE_CURVE('',#1027,#1024,#573,.T.);
#1257=EDGE_CURVE('',#1026,#1028,#429,.T.);
#1258=EDGE_CURVE('',#1028,#1029,#574,.T.);
#1259=EDGE_CURVE('',#1029,#1027,#430,.T.);
#1260=EDGE_CURVE('',#1028,#1030,#575,.T.);
#1261=EDGE_CURVE('',#1030,#1031,#576,.T.);
#1262=EDGE_CURVE('',#1031,#1029,#577,.T.);
#1263=EDGE_CURVE('',#1032,#1033,#578,.T.);
#1264=EDGE_CURVE('',#1032,#1034,#579,.F.);
#1265=EDGE_CURVE('',#1034,#1035,#580,.T.);
#1266=EDGE_CURVE('',#1033,#1035,#581,.T.);
#1267=EDGE_CURVE('',#1034,#1036,#431,.T.);
#1268=EDGE_CURVE('',#1036,#1037,#582,.T.);
#1269=EDGE_CURVE('',#1035,#1037,#432,.T.);
#1270=EDGE_CURVE('',#1036,#1038,#583,.F.);
#1271=EDGE_CURVE('',#1038,#1039,#584,.T.);
#1272=EDGE_CURVE('',#1037,#1039,#585,.T.);
#1273=EDGE_CURVE('',#1038,#1040,#433,.T.);
#1274=EDGE_CURVE('',#1040,#1041,#586,.T.);
#1275=EDGE_CURVE('',#1039,#1041,#434,.T.);
#1276=EDGE_CURVE('',#1040,#1042,#587,.F.);
#1277=EDGE_CURVE('',#1042,#1043,#588,.T.);
#1278=EDGE_CURVE('',#1041,#1043,#589,.T.);
#1279=EDGE_CURVE('',#1044,#1045,#590,.F.);
#1280=EDGE_CURVE('',#1045,#1046,#591,.F.);
#1281=EDGE_CURVE('',#1046,#1047,#592,.T.);
#1282=EDGE_CURVE('',#1047,#1044,#593,.T.);
#1283=EDGE_CURVE('',#1046,#1048,#435,.T.);
#1284=EDGE_CURVE('',#1048,#1049,#594,.T.);
#1285=EDGE_CURVE('',#1049,#1047,#436,.T.);
#1286=EDGE_CURVE('',#1048,#1021,#595,.F.);
#1287=EDGE_CURVE('',#1020,#1049,#596,.T.);
#1288=EDGE_CURVE('',#1033,#1050,#437,.F.);
#1289=EDGE_CURVE('',#1051,#1043,#438,.F.);
#1290=EDGE_CURVE('',#1050,#1051,#597,.T.);
#1291=EDGE_CURVE('',#1052,#1052,#439,.T.);
#1292=EDGE_CURVE('',#1053,#1054,#440,.F.);
#1293=EDGE_CURVE('',#1054,#1055,#598,.T.);
#1294=EDGE_CURVE('',#1055,#1056,#599,.T.);
#1295=EDGE_CURVE('',#1056,#1057,#600,.T.);
#1296=EDGE_CURVE('',#1057,#1058,#601,.T.);
#1297=EDGE_CURVE('',#1058,#1059,#602,.T.);
#1298=EDGE_CURVE('',#1059,#1060,#441,.F.);
#1299=EDGE_CURVE('',#1060,#1061,#442,.T.);
#1300=EDGE_CURVE('',#1061,#1062,#443,.F.);
#1301=EDGE_CURVE('',#1062,#1063,#603,.T.);
#1302=EDGE_CURVE('',#1063,#1064,#444,.F.);
#1303=EDGE_CURVE('',#1064,#1019,#604,.T.);
#1304=EDGE_CURVE('',#1025,#1065,#605,.T.);
#1305=EDGE_CURVE('',#1065,#1066,#445,.F.);
#1306=EDGE_CURVE('',#1066,#1053,#606,.T.);
#1307=EDGE_CURVE('',#1011,#1067,#446,.T.);
#1308=EDGE_CURVE('',#1067,#1068,#607,.T.);
#1309=EDGE_CURVE('',#1068,#1058,#608,.T.);
#1310=EDGE_CURVE('',#1012,#1057,#609,.T.);
#1311=EDGE_CURVE('',#1013,#1056,#610,.T.);
#1312=EDGE_CURVE('',#1055,#1069,#611,.F.);
#1313=EDGE_CURVE('',#1070,#1069,#612,.T.);
#1314=EDGE_CURVE('',#1070,#1014,#447,.T.);
#1315=EDGE_CURVE('',#1071,#1072,#613,.T.);
#1316=EDGE_CURVE('',#1071,#1070,#614,.F.);
#1317=EDGE_CURVE('',#1069,#1072,#615,.T.);
#1318=EDGE_CURVE('',#1030,#1071,#448,.T.);
#1319=EDGE_CURVE('',#1072,#1031,#449,.T.);
#1320=EDGE_CURVE('',#1073,#1050,#616,.T.);
#1321=EDGE_CURVE('',#1073,#1032,#450,.T.);
#1322=EDGE_CURVE('',#1074,#1051,#617,.T.);
#1323=EDGE_CURVE('',#1074,#1073,#618,.T.);
#1324=EDGE_CURVE('',#1042,#1074,#451,.T.);
#1325=EDGE_CURVE('',#1067,#1075,#619,.T.);
#1326=EDGE_CURVE('',#1075,#1076,#620,.T.);
#1327=EDGE_CURVE('',#1076,#1068,#621,.T.);
#1328=EDGE_CURVE('',#1077,#1078,#622,.F.);
#1329=EDGE_CURVE('',#1078,#1079,#452,.F.);
#1330=EDGE_CURVE('',#1079,#1080,#623,.T.);
#1331=EDGE_CURVE('',#1080,#1077,#453,.F.);
#1332=EDGE_CURVE('',#1081,#1081,#454,.T.);
#1333=EDGE_CURVE('',#1081,#1052,#624,.T.);
#1334=EDGE_CURVE('',#1075,#1078,#455,.T.);
#1335=EDGE_CURVE('',#1077,#1076,#456,.T.);
#1336=EDGE_CURVE('',#1079,#1045,#457,.T.);
#1337=EDGE_CURVE('',#1044,#1080,#458,.T.);
#1338=EDGE_CURVE('',#1065,#1027,#625,.T.);
#1339=EDGE_CURVE('',#1066,#1029,#626,.T.);
#1340=EDGE_CURVE('',#1053,#1031,#627,.T.);
#1341=EDGE_CURVE('',#1054,#1072,#628,.T.);
#1342=EDGE_CURVE('',#1049,#1064,#629,.T.);
#1343=EDGE_CURVE('',#1047,#1063,#630,.T.);
#1344=EDGE_CURVE('',#1044,#1062,#631,.T.);
#1345=EDGE_CURVE('',#1080,#1061,#632,.T.);
#1346=EDGE_CURVE('',#1077,#1060,#633,.T.);
#1347=EDGE_CURVE('',#1076,#1059,#634,.T.);
#1348=EDGE_CURVE('',#990,#1034,#459,.F.);
#1349=EDGE_CURVE('',#1036,#989,#460,.T.);
#1350=EDGE_CURVE('',#1038,#988,#461,.T.);
#1351=EDGE_CURVE('',#991,#1032,#462,.F.);
#1352=EDGE_CURVE('',#1040,#987,#463,.T.);
#1353=EDGE_CURVE('',#984,#1073,#464,.F.);
#1354=EDGE_CURVE('',#1042,#986,#465,.T.);
#1355=EDGE_CURVE('',#985,#1074,#466,.T.);
#1356=EDGE_CURVE('',#1082,#993,#635,.T.);
#1357=EDGE_CURVE('',#1004,#992,#636,.T.);
#1358=EDGE_CURVE('',#1003,#1082,#467,.F.);
#1359=EDGE_CURVE('',#1005,#995,#637,.T.);
#1360=EDGE_CURVE('',#1083,#994,#638,.T.);
#1361=EDGE_CURVE('',#1082,#1083,#639,.F.);
#1362=EDGE_CURVE('',#1083,#1006,#468,.T.);
#1363=EDGE_CURVE('',#1015,#1071,#469,.T.);
#1364=EDGE_CURVE('',#1016,#1030,#470,.T.);
#1365=EDGE_CURVE('',#1017,#1028,#471,.T.);
#1366=EDGE_CURVE('',#996,#1026,#472,.T.);
#1367=EDGE_CURVE('',#1001,#1048,#473,.T.);
#1368=EDGE_CURVE('',#1002,#1046,#474,.T.);
#1369=EDGE_CURVE('',#1007,#1045,#475,.T.);
#1370=EDGE_CURVE('',#1008,#1079,#476,.T.);
#1371=EDGE_CURVE('',#1009,#1078,#477,.T.);
#1372=EDGE_CURVE('',#1010,#1075,#478,.T.);
#1373=EDGE_CURVE('',#1084,#1085,#479,.T.);
#1374=EDGE_CURVE('',#1085,#1086,#640,.T.);
#1375=EDGE_CURVE('',#1086,#1086,#480,.T.);
#1376=EDGE_CURVE('',#1085,#1084,#481,.T.);
#1377=EDGE_CURVE('',#1087,#1088,#482,.F.);
#1378=EDGE_CURVE('',#1088,#1089,#641,.T.);
#1379=EDGE_CURVE('',#1089,#1090,#483,.F.);
#1380=EDGE_CURVE('',#1091,#1090,#642,.T.);
#1381=EDGE_CURVE('',#1092,#1091,#484,.T.);
#1382=EDGE_CURVE('',#1093,#1092,#643,.T.);
#1383=EDGE_CURVE('',#1094,#1093,#485,.T.);
#1384=EDGE_CURVE('',#1087,#1094,#644,.T.);
#1385=EDGE_CURVE('',#1095,#1096,#645,.T.);
#1386=EDGE_CURVE('',#1095,#1097,#21,.T.);
#1387=EDGE_CURVE('',#1098,#1097,#646,.T.);
#1388=EDGE_CURVE('',#1099,#1098,#647,.T.);
#1389=EDGE_CURVE('',#1100,#1099,#648,.T.);
#1390=EDGE_CURVE('',#1100,#1101,#649,.T.);
#1391=EDGE_CURVE('',#1102,#1101,#650,.T.);
#1392=EDGE_CURVE('',#1102,#1103,#651,.T.);
#1393=EDGE_CURVE('',#1103,#1104,#486,.T.);
#1394=EDGE_CURVE('',#1104,#1105,#652,.T.);
#1395=EDGE_CURVE('',#1106,#1105,#487,.T.);
#1396=EDGE_CURVE('',#1107,#1106,#488,.T.);
#1397=EDGE_CURVE('',#1108,#1107,#489,.T.);
#1398=EDGE_CURVE('',#1109,#1108,#653,.T.);
#1399=EDGE_CURVE('',#1109,#1110,#654,.T.);
#1400=EDGE_CURVE('',#1111,#1110,#655,.F.);
#1401=EDGE_CURVE('',#1112,#1111,#656,.T.);
#1402=EDGE_CURVE('',#1113,#1112,#657,.T.);
#1403=EDGE_CURVE('',#1114,#1113,#658,.T.);
#1404=EDGE_CURVE('',#1114,#1115,#22,.T.);
#1405=EDGE_CURVE('',#1116,#1115,#659,.T.);
#1406=EDGE_CURVE('',#1117,#1116,#490,.T.);
#1407=EDGE_CURVE('',#1118,#1117,#660,.T.);
#1408=EDGE_CURVE('',#1118,#1096,#491,.T.);
#1409=EDGE_CURVE('',#1119,#1120,#661,.T.);
#1410=EDGE_CURVE('',#1119,#1099,#662,.T.);
#1411=EDGE_CURVE('',#1120,#1098,#663,.T.);
#1412=EDGE_CURVE('',#1097,#1121,#664,.T.);
#1413=EDGE_CURVE('',#1120,#1121,#665,.T.);
#1414=EDGE_CURVE('',#1122,#1123,#492,.T.);
#1415=EDGE_CURVE('',#1123,#1124,#23,.T.);
#1416=EDGE_CURVE('',#1125,#1124,#493,.F.);
#1417=EDGE_CURVE('',#1122,#1125,#666,.F.);
#1418=EDGE_CURVE('',#1122,#1126,#667,.F.);
#1419=EDGE_CURVE('',#1125,#1127,#668,.F.);
#1420=EDGE_CURVE('',#1126,#1127,#669,.F.);
#1421=EDGE_CURVE('',#1127,#1128,#494,.T.);
#1422=EDGE_CURVE('',#1128,#1129,#24,.T.);
#1423=EDGE_CURVE('',#1126,#1129,#495,.F.);
#1424=EDGE_CURVE('',#1130,#1131,#670,.T.);
#1425=EDGE_CURVE('',#1130,#1114,#671,.T.);
#1426=EDGE_CURVE('',#1131,#1113,#672,.T.);
#1427=EDGE_CURVE('',#1131,#1132,#673,.T.);
#1428=EDGE_CURVE('',#1132,#1112,#674,.T.);
#1429=EDGE_CURVE('',#1132,#1133,#675,.T.);
#1430=EDGE_CURVE('',#1133,#1111,#676,.F.);
#1431=EDGE_CURVE('',#1134,#1135,#677,.F.);
#1432=EDGE_CURVE('',#1135,#1136,#25,.T.);
#1433=EDGE_CURVE('',#1133,#1136,#678,.F.);
#1434=EDGE_CURVE('',#1134,#1110,#679,.F.);
#1435=EDGE_CURVE('',#1137,#1138,#496,.T.);
#1436=EDGE_CURVE('',#1137,#1139,#26,.T.);
#1437=EDGE_CURVE('',#1139,#1140,#497,.F.);
#1438=EDGE_CURVE('',#1140,#1138,#27,.T.);
#1439=EDGE_CURVE('',#1141,#1142,#680,.T.);
#1440=EDGE_CURVE('',#1142,#1143,#28,.T.);
#1441=EDGE_CURVE('',#1144,#1143,#681,.T.);
#1442=EDGE_CURVE('',#1141,#1144,#682,.F.);
#1443=EDGE_CURVE('',#1145,#1146,#683,.F.);
#1444=EDGE_CURVE('',#1145,#1141,#498,.T.);
#1445=EDGE_CURVE('',#1146,#1144,#499,.F.);
#1446=EDGE_CURVE('',#1147,#1119,#684,.T.);
#1447=EDGE_CURVE('',#1147,#1100,#685,.T.);
#1448=EDGE_CURVE('',#1147,#1145,#686,.T.);
#1449=EDGE_CURVE('',#1148,#1146,#687,.T.);
#1450=EDGE_CURVE('',#1148,#1101,#688,.T.);
#1451=EDGE_CURVE('',#1149,#1094,#689,.T.);
#1452=EDGE_CURVE('',#1149,#1150,#690,.F.);
#1453=EDGE_CURVE('',#1150,#1087,#691,.T.);
#1454=EDGE_CURVE('',#1151,#1093,#692,.T.);
#1455=EDGE_CURVE('',#1151,#1149,#500,.F.);
#1456=EDGE_CURVE('',#1152,#1092,#693,.T.);
#1457=EDGE_CURVE('',#1152,#1151,#694,.F.);
#1458=EDGE_CURVE('',#1153,#1091,#695,.T.);
#1459=EDGE_CURVE('',#1153,#1152,#501,.F.);
#1460=EDGE_CURVE('',#1154,#1090,#696,.T.);
#1461=EDGE_CURVE('',#1154,#1153,#697,.F.);
#1462=EDGE_CURVE('',#1155,#1089,#698,.T.);
#1463=EDGE_CURVE('',#1155,#1154,#502,.F.);
#1464=EDGE_CURVE('',#1150,#1156,#503,.F.);
#1465=EDGE_CURVE('',#1156,#1088,#699,.T.);
#1466=EDGE_CURVE('',#1156,#1155,#700,.T.);
#1467=EDGE_CURVE('',#1157,#1158,#701,.T.);
#1468=EDGE_CURVE('',#1158,#1159,#504,.T.);
#1469=EDGE_CURVE('',#1159,#1160,#702,.T.);
#1470=EDGE_CURVE('',#1160,#1161,#505,.T.);
#1471=EDGE_CURVE('',#1161,#1162,#703,.F.);
#1472=EDGE_CURVE('',#1162,#1163,#506,.T.);
#1473=EDGE_CURVE('',#1163,#1164,#704,.T.);
#1474=EDGE_CURVE('',#1164,#1157,#507,.T.);
#1475=EDGE_CURVE('',#1165,#1165,#508,.T.);
#1476=EDGE_CURVE('',#1166,#1167,#705,.T.);
#1477=EDGE_CURVE('',#1168,#1166,#509,.T.);
#1478=EDGE_CURVE('',#1169,#1168,#706,.T.);
#1479=EDGE_CURVE('',#1170,#1169,#510,.T.);
#1480=EDGE_CURVE('',#1170,#1171,#707,.T.);
#1481=EDGE_CURVE('',#1172,#1171,#511,.T.);
#1482=EDGE_CURVE('',#1172,#1173,#708,.T.);
#1483=EDGE_CURVE('',#1167,#1173,#512,.T.);
#1484=EDGE_CURVE('',#1136,#1137,#29,.T.);
#1485=EDGE_CURVE('',#1138,#1142,#30,.T.);
#1486=EDGE_CURVE('',#1121,#1123,#31,.T.);
#1487=EDGE_CURVE('',#1129,#1130,#32,.T.);
#1488=EDGE_CURVE('',#1174,#1175,#709,.T.);
#1489=EDGE_CURVE('',#1176,#1174,#513,.F.);
#1490=EDGE_CURVE('',#1176,#1177,#710,.T.);
#1491=EDGE_CURVE('',#1178,#1177,#514,.F.);
#1492=EDGE_CURVE('',#1178,#1179,#711,.T.);
#1493=EDGE_CURVE('',#1180,#1179,#515,.F.);
#1494=EDGE_CURVE('',#1181,#1180,#712,.T.);
#1495=EDGE_CURVE('',#1175,#1181,#516,.F.);
#1496=EDGE_CURVE('',#1182,#1116,#713,.T.);
#1497=EDGE_CURVE('',#1182,#1183,#517,.F.);
#1498=EDGE_CURVE('',#1183,#1117,#714,.T.);
#1499=EDGE_CURVE('',#1115,#1184,#715,.T.);
#1500=EDGE_CURVE('',#1185,#1184,#716,.T.);
#1501=EDGE_CURVE('',#1185,#1182,#717,.F.);
#1502=EDGE_CURVE('',#1186,#1187,#718,.T.);
#1503=EDGE_CURVE('',#1186,#1095,#719,.T.);
#1504=EDGE_CURVE('',#1188,#1096,#720,.T.);
#1505=EDGE_CURVE('',#1188,#1187,#721,.F.);
#1506=EDGE_CURVE('',#1189,#1118,#722,.T.);
#1507=EDGE_CURVE('',#1189,#1188,#518,.F.);
#1508=EDGE_CURVE('',#1183,#1189,#723,.T.);
#1509=EDGE_CURVE('',#1124,#1186,#19,.T.);
#1510=EDGE_CURVE('',#1187,#1190,#519,.T.);
#1511=EDGE_CURVE('',#1190,#1191,#724,.T.);
#1512=EDGE_CURVE('',#1191,#1185,#520,.T.);
#1513=EDGE_CURVE('',#1184,#1128,#20,.T.);
#1514=EDGE_CURVE('',#1192,#1102,#725,.T.);
#1515=EDGE_CURVE('',#1192,#1193,#726,.T.);
#1516=EDGE_CURVE('',#1193,#1103,#727,.T.);
#1517=EDGE_CURVE('',#1194,#1148,#728,.T.);
#1518=EDGE_CURVE('',#1194,#1192,#729,.F.);
#1519=EDGE_CURVE('',#1195,#1109,#730,.T.);
#1520=EDGE_CURVE('',#1195,#1196,#731,.T.);
#1521=EDGE_CURVE('',#1196,#1134,#732,.T.);
#1522=EDGE_CURVE('',#1197,#1108,#733,.T.);
#1523=EDGE_CURVE('',#1197,#1195,#734,.T.);
#1524=EDGE_CURVE('',#1198,#1107,#735,.T.);
#1525=EDGE_CURVE('',#1198,#1197,#521,.F.);
#1526=EDGE_CURVE('',#1199,#1106,#736,.T.);
#1527=EDGE_CURVE('',#1199,#1198,#522,.T.);
#1528=EDGE_CURVE('',#1200,#1105,#737,.T.);
#1529=EDGE_CURVE('',#1200,#1199,#523,.F.);
#1530=EDGE_CURVE('',#1201,#1104,#738,.T.);
#1531=EDGE_CURVE('',#1201,#1200,#739,.T.);
#1532=EDGE_CURVE('',#1193,#1201,#524,.F.);
#1533=EDGE_CURVE('',#1196,#1202,#740,.T.);
#1534=EDGE_CURVE('',#1202,#1203,#525,.T.);
#1535=EDGE_CURVE('',#1203,#1204,#526,.F.);
#1536=EDGE_CURVE('',#1204,#1205,#527,.T.);
#1537=EDGE_CURVE('',#1205,#1206,#741,.T.);
#1538=EDGE_CURVE('',#1206,#1207,#528,.T.);
#1539=EDGE_CURVE('',#1207,#1194,#742,.T.);
#1540=EDGE_CURVE('',#1143,#1140,#33,.T.);
#1541=EDGE_CURVE('',#1139,#1135,#34,.T.);
#1542=EDGE_CURVE('',#1190,#1189,#743,.T.);
#1543=EDGE_CURVE('',#1191,#1183,#744,.T.);
#1544=EDGE_CURVE('',#1193,#1207,#745,.T.);
#1545=EDGE_CURVE('',#1201,#1206,#746,.T.);
#1546=EDGE_CURVE('',#1200,#1205,#747,.T.);
#1547=EDGE_CURVE('',#1199,#1204,#748,.T.);
#1548=EDGE_CURVE('',#1198,#1203,#749,.T.);
#1549=EDGE_CURVE('',#1197,#1202,#750,.T.);
#1550=EDGE_CURVE('',#1208,#1208,#529,.T.);
#1551=EDGE_CURVE('',#1208,#1165,#751,.T.);
#1552=EDGE_CURVE('',#1084,#1208,#752,.T.);
#1553=EDGE_CURVE('',#1156,#1162,#530,.T.);
#1554=EDGE_CURVE('',#1163,#1150,#531,.T.);
#1555=EDGE_CURVE('',#1164,#1149,#532,.T.);
#1556=EDGE_CURVE('',#1155,#1161,#533,.T.);
#1557=EDGE_CURVE('',#1157,#1151,#534,.T.);
#1558=EDGE_CURVE('',#1154,#1160,#535,.T.);
#1559=EDGE_CURVE('',#1158,#1152,#536,.T.);
#1560=EDGE_CURVE('',#1153,#1159,#537,.T.);
#1561=EDGE_CURVE('',#1175,#1166,#753,.T.);
#1562=EDGE_CURVE('',#1174,#1167,#754,.T.);
#1563=EDGE_CURVE('',#1176,#1173,#755,.T.);
#1564=EDGE_CURVE('',#1177,#1172,#756,.T.);
#1565=EDGE_CURVE('',#1178,#1171,#757,.T.);
#1566=EDGE_CURVE('',#1179,#1170,#758,.T.);
#1567=EDGE_CURVE('',#1180,#1169,#759,.T.);
#1568=EDGE_CURVE('',#1181,#1168,#760,.T.);
#1569=ORIENTED_EDGE('',*,*,#1209,.T.);
#1570=ORIENTED_EDGE('',*,*,#1210,.T.);
#1571=ORIENTED_EDGE('',*,*,#1211,.T.);
#1572=ORIENTED_EDGE('',*,*,#1212,.T.);
#1573=ORIENTED_EDGE('',*,*,#1213,.T.);
#1574=ORIENTED_EDGE('',*,*,#1214,.T.);
#1575=ORIENTED_EDGE('',*,*,#1215,.T.);
#1576=ORIENTED_EDGE('',*,*,#1216,.T.);
#1577=ORIENTED_EDGE('',*,*,#1217,.T.);
#1578=ORIENTED_EDGE('',*,*,#1218,.T.);
#1579=ORIENTED_EDGE('',*,*,#1219,.F.);
#1580=ORIENTED_EDGE('',*,*,#1220,.F.);
#1581=ORIENTED_EDGE('',*,*,#1221,.T.);
#1582=ORIENTED_EDGE('',*,*,#1222,.T.);
#1583=ORIENTED_EDGE('',*,*,#1223,.T.);
#1584=ORIENTED_EDGE('',*,*,#1224,.T.);
#1585=ORIENTED_EDGE('',*,*,#1225,.T.);
#1586=ORIENTED_EDGE('',*,*,#1226,.T.);
#1587=ORIENTED_EDGE('',*,*,#1227,.T.);
#1588=ORIENTED_EDGE('',*,*,#1228,.T.);
#1589=ORIENTED_EDGE('',*,*,#1229,.F.);
#1590=ORIENTED_EDGE('',*,*,#1230,.F.);
#1591=ORIENTED_EDGE('',*,*,#1231,.T.);
#1592=ORIENTED_EDGE('',*,*,#1232,.T.);
#1593=ORIENTED_EDGE('',*,*,#1233,.T.);
#1594=ORIENTED_EDGE('',*,*,#1234,.T.);
#1595=ORIENTED_EDGE('',*,*,#1235,.T.);
#1596=ORIENTED_EDGE('',*,*,#1236,.F.);
#1597=ORIENTED_EDGE('',*,*,#1237,.F.);
#1598=ORIENTED_EDGE('',*,*,#1238,.F.);
#1599=ORIENTED_EDGE('',*,*,#1239,.T.);
#1600=ORIENTED_EDGE('',*,*,#1240,.T.);
#1601=ORIENTED_EDGE('',*,*,#1241,.T.);
#1602=ORIENTED_EDGE('',*,*,#1242,.T.);
#1603=ORIENTED_EDGE('',*,*,#1243,.T.);
#1604=ORIENTED_EDGE('',*,*,#1244,.T.);
#1605=ORIENTED_EDGE('',*,*,#1245,.F.);
#1606=ORIENTED_EDGE('',*,*,#1246,.T.);
#1607=ORIENTED_EDGE('',*,*,#1224,.F.);
#1608=ORIENTED_EDGE('',*,*,#1247,.T.);
#1609=ORIENTED_EDGE('',*,*,#1223,.F.);
#1610=ORIENTED_EDGE('',*,*,#1248,.T.);
#1611=ORIENTED_EDGE('',*,*,#1249,.T.);
#1612=ORIENTED_EDGE('',*,*,#1247,.F.);
#1613=ORIENTED_EDGE('',*,*,#1222,.F.);
#1614=ORIENTED_EDGE('',*,*,#1250,.T.);
#1615=ORIENTED_EDGE('',*,*,#1251,.T.);
#1616=ORIENTED_EDGE('',*,*,#1252,.T.);
#1617=ORIENTED_EDGE('',*,*,#1253,.T.);
#1618=ORIENTED_EDGE('',*,*,#1248,.F.);
#1619=ORIENTED_EDGE('',*,*,#1251,.F.);
#1620=ORIENTED_EDGE('',*,*,#1254,.T.);
#1621=ORIENTED_EDGE('',*,*,#1255,.T.);
#1622=ORIENTED_EDGE('',*,*,#1256,.T.);
#1623=ORIENTED_EDGE('',*,*,#1255,.F.);
#1624=ORIENTED_EDGE('',*,*,#1257,.T.);
#1625=ORIENTED_EDGE('',*,*,#1258,.T.);
#1626=ORIENTED_EDGE('',*,*,#1259,.T.);
#1627=ORIENTED_EDGE('',*,*,#1258,.F.);
#1628=ORIENTED_EDGE('',*,*,#1260,.T.);
#1629=ORIENTED_EDGE('',*,*,#1261,.T.);
#1630=ORIENTED_EDGE('',*,*,#1262,.T.);
#1631=ORIENTED_EDGE('',*,*,#1263,.F.);
#1632=ORIENTED_EDGE('',*,*,#1264,.T.);
#1633=ORIENTED_EDGE('',*,*,#1265,.T.);
#1634=ORIENTED_EDGE('',*,*,#1266,.F.);
#1635=ORIENTED_EDGE('',*,*,#1265,.F.);
#1636=ORIENTED_EDGE('',*,*,#1267,.T.);
#1637=ORIENTED_EDGE('',*,*,#1268,.T.);
#1638=ORIENTED_EDGE('',*,*,#1269,.F.);
#1639=ORIENTED_EDGE('',*,*,#1268,.F.);
#1640=ORIENTED_EDGE('',*,*,#1270,.T.);
#1641=ORIENTED_EDGE('',*,*,#1271,.T.);
#1642=ORIENTED_EDGE('',*,*,#1272,.F.);
#1643=ORIENTED_EDGE('',*,*,#1271,.F.);
#1644=ORIENTED_EDGE('',*,*,#1273,.T.);
#1645=ORIENTED_EDGE('',*,*,#1274,.T.);
#1646=ORIENTED_EDGE('',*,*,#1275,.F.);
#1647=ORIENTED_EDGE('',*,*,#1274,.F.);
#1648=ORIENTED_EDGE('',*,*,#1276,.T.);
#1649=ORIENTED_EDGE('',*,*,#1277,.T.);
#1650=ORIENTED_EDGE('',*,*,#1278,.F.);
#1651=ORIENTED_EDGE('',*,*,#1279,.T.);
#1652=ORIENTED_EDGE('',*,*,#1280,.T.);
#1653=ORIENTED_EDGE('',*,*,#1281,.T.);
#1654=ORIENTED_EDGE('',*,*,#1282,.T.);
#1655=ORIENTED_EDGE('',*,*,#1281,.F.);
#1656=ORIENTED_EDGE('',*,*,#1283,.T.);
#1657=ORIENTED_EDGE('',*,*,#1284,.T.);
#1658=ORIENTED_EDGE('',*,*,#1285,.T.);
#1659=ORIENTED_EDGE('',*,*,#1284,.F.);
#1660=ORIENTED_EDGE('',*,*,#1286,.T.);
#1661=ORIENTED_EDGE('',*,*,#1245,.T.);
#1662=ORIENTED_EDGE('',*,*,#1287,.T.);
#1663=ORIENTED_EDGE('',*,*,#1288,.F.);
#1664=ORIENTED_EDGE('',*,*,#1266,.T.);
#1665=ORIENTED_EDGE('',*,*,#1269,.T.);
#1666=ORIENTED_EDGE('',*,*,#1272,.T.);
#1667=ORIENTED_EDGE('',*,*,#1275,.T.);
#1668=ORIENTED_EDGE('',*,*,#1278,.T.);
#1669=ORIENTED_EDGE('',*,*,#1289,.F.);
#1670=ORIENTED_EDGE('',*,*,#1290,.F.);
#1671=ORIENTED_EDGE('',*,*,#1291,.F.);
#1672=ORIENTED_EDGE('',*,*,#1292,.T.);
#1673=ORIENTED_EDGE('',*,*,#1293,.T.);
#1674=ORIENTED_EDGE('',*,*,#1294,.T.);
#1675=ORIENTED_EDGE('',*,*,#1295,.T.);
#1676=ORIENTED_EDGE('',*,*,#1296,.T.);
#1677=ORIENTED_EDGE('',*,*,#1297,.T.);
#1678=ORIENTED_EDGE('',*,*,#1298,.T.);
#1679=ORIENTED_EDGE('',*,*,#1299,.T.);
#1680=ORIENTED_EDGE('',*,*,#1300,.T.);
#1681=ORIENTED_EDGE('',*,*,#1301,.T.);
#1682=ORIENTED_EDGE('',*,*,#1302,.T.);
#1683=ORIENTED_EDGE('',*,*,#1303,.T.);
#1684=ORIENTED_EDGE('',*,*,#1243,.F.);
#1685=ORIENTED_EDGE('',*,*,#1249,.F.);
#1686=ORIENTED_EDGE('',*,*,#1253,.F.);
#1687=ORIENTED_EDGE('',*,*,#1304,.T.);
#1688=ORIENTED_EDGE('',*,*,#1305,.T.);
#1689=ORIENTED_EDGE('',*,*,#1306,.T.);
#1690=ORIENTED_EDGE('',*,*,#1236,.T.);
#1691=ORIENTED_EDGE('',*,*,#1307,.T.);
#1692=ORIENTED_EDGE('',*,*,#1308,.T.);
#1693=ORIENTED_EDGE('',*,*,#1309,.T.);
#1694=ORIENTED_EDGE('',*,*,#1296,.F.);
#1695=ORIENTED_EDGE('',*,*,#1310,.F.);
#1696=ORIENTED_EDGE('',*,*,#1237,.T.);
#1697=ORIENTED_EDGE('',*,*,#1310,.T.);
#1698=ORIENTED_EDGE('',*,*,#1295,.F.);
#1699=ORIENTED_EDGE('',*,*,#1311,.F.);
#1700=ORIENTED_EDGE('',*,*,#1294,.F.);
#1701=ORIENTED_EDGE('',*,*,#1312,.T.);
#1702=ORIENTED_EDGE('',*,*,#1313,.F.);
#1703=ORIENTED_EDGE('',*,*,#1314,.T.);
#1704=ORIENTED_EDGE('',*,*,#1238,.T.);
#1705=ORIENTED_EDGE('',*,*,#1311,.T.);
#1706=ORIENTED_EDGE('',*,*,#1315,.F.);
#1707=ORIENTED_EDGE('',*,*,#1316,.T.);
#1708=ORIENTED_EDGE('',*,*,#1313,.T.);
#1709=ORIENTED_EDGE('',*,*,#1317,.T.);
#1710=ORIENTED_EDGE('',*,*,#1261,.F.);
#1711=ORIENTED_EDGE('',*,*,#1318,.T.);
#1712=ORIENTED_EDGE('',*,*,#1315,.T.);
#1713=ORIENTED_EDGE('',*,*,#1319,.T.);
#1714=ORIENTED_EDGE('',*,*,#1320,.F.);
#1715=ORIENTED_EDGE('',*,*,#1321,.T.);
#1716=ORIENTED_EDGE('',*,*,#1263,.T.);
#1717=ORIENTED_EDGE('',*,*,#1288,.T.);
#1718=ORIENTED_EDGE('',*,*,#1322,.F.);
#1719=ORIENTED_EDGE('',*,*,#1323,.T.);
#1720=ORIENTED_EDGE('',*,*,#1320,.T.);
#1721=ORIENTED_EDGE('',*,*,#1290,.T.);
#1722=ORIENTED_EDGE('',*,*,#1277,.F.);
#1723=ORIENTED_EDGE('',*,*,#1324,.T.);
#1724=ORIENTED_EDGE('',*,*,#1322,.T.);
#1725=ORIENTED_EDGE('',*,*,#1289,.T.);
#1726=ORIENTED_EDGE('',*,*,#1308,.F.);
#1727=ORIENTED_EDGE('',*,*,#1325,.T.);
#1728=ORIENTED_EDGE('',*,*,#1326,.T.);
#1729=ORIENTED_EDGE('',*,*,#1327,.T.);
#1730=ORIENTED_EDGE('',*,*,#1328,.T.);
#1731=ORIENTED_EDGE('',*,*,#1329,.T.);
#1732=ORIENTED_EDGE('',*,*,#1330,.T.);
#1733=ORIENTED_EDGE('',*,*,#1331,.T.);
#1734=ORIENTED_EDGE('',*,*,#1332,.T.);
#1735=ORIENTED_EDGE('',*,*,#1333,.T.);
#1736=ORIENTED_EDGE('',*,*,#1291,.T.);
#1737=ORIENTED_EDGE('',*,*,#1333,.F.);
#1738=ORIENTED_EDGE('',*,*,#1332,.F.);
#1739=ORIENTED_EDGE('',*,*,#1326,.F.);
#1740=ORIENTED_EDGE('',*,*,#1334,.T.);
#1741=ORIENTED_EDGE('',*,*,#1328,.F.);
#1742=ORIENTED_EDGE('',*,*,#1335,.T.);
#1743=ORIENTED_EDGE('',*,*,#1330,.F.);
#1744=ORIENTED_EDGE('',*,*,#1336,.T.);
#1745=ORIENTED_EDGE('',*,*,#1279,.F.);
#1746=ORIENTED_EDGE('',*,*,#1337,.T.);
#1747=ORIENTED_EDGE('',*,*,#1252,.F.);
#1748=ORIENTED_EDGE('',*,*,#1256,.F.);
#1749=ORIENTED_EDGE('',*,*,#1338,.F.);
#1750=ORIENTED_EDGE('',*,*,#1304,.F.);
#1751=ORIENTED_EDGE('',*,*,#1338,.T.);
#1752=ORIENTED_EDGE('',*,*,#1259,.F.);
#1753=ORIENTED_EDGE('',*,*,#1339,.F.);
#1754=ORIENTED_EDGE('',*,*,#1305,.F.);
#1755=ORIENTED_EDGE('',*,*,#1339,.T.);
#1756=ORIENTED_EDGE('',*,*,#1262,.F.);
#1757=ORIENTED_EDGE('',*,*,#1340,.F.);
#1758=ORIENTED_EDGE('',*,*,#1306,.F.);
#1759=ORIENTED_EDGE('',*,*,#1340,.T.);
#1760=ORIENTED_EDGE('',*,*,#1319,.F.);
#1761=ORIENTED_EDGE('',*,*,#1341,.F.);
#1762=ORIENTED_EDGE('',*,*,#1292,.F.);
#1763=ORIENTED_EDGE('',*,*,#1312,.F.);
#1764=ORIENTED_EDGE('',*,*,#1293,.F.);
#1765=ORIENTED_EDGE('',*,*,#1341,.T.);
#1766=ORIENTED_EDGE('',*,*,#1317,.F.);
#1767=ORIENTED_EDGE('',*,*,#1244,.F.);
#1768=ORIENTED_EDGE('',*,*,#1303,.F.);
#1769=ORIENTED_EDGE('',*,*,#1342,.F.);
#1770=ORIENTED_EDGE('',*,*,#1287,.F.);
#1771=ORIENTED_EDGE('',*,*,#1342,.T.);
#1772=ORIENTED_EDGE('',*,*,#1302,.F.);
#1773=ORIENTED_EDGE('',*,*,#1343,.F.);
#1774=ORIENTED_EDGE('',*,*,#1285,.F.);
#1775=ORIENTED_EDGE('',*,*,#1343,.T.);
#1776=ORIENTED_EDGE('',*,*,#1301,.F.);
#1777=ORIENTED_EDGE('',*,*,#1344,.F.);
#1778=ORIENTED_EDGE('',*,*,#1282,.F.);
#1779=ORIENTED_EDGE('',*,*,#1344,.T.);
#1780=ORIENTED_EDGE('',*,*,#1300,.F.);
#1781=ORIENTED_EDGE('',*,*,#1345,.F.);
#1782=ORIENTED_EDGE('',*,*,#1337,.F.);
#1783=ORIENTED_EDGE('',*,*,#1345,.T.);
#1784=ORIENTED_EDGE('',*,*,#1299,.F.);
#1785=ORIENTED_EDGE('',*,*,#1346,.F.);
#1786=ORIENTED_EDGE('',*,*,#1331,.F.);
#1787=ORIENTED_EDGE('',*,*,#1346,.T.);
#1788=ORIENTED_EDGE('',*,*,#1298,.F.);
#1789=ORIENTED_EDGE('',*,*,#1347,.F.);
#1790=ORIENTED_EDGE('',*,*,#1335,.F.);
#1791=ORIENTED_EDGE('',*,*,#1309,.F.);
#1792=ORIENTED_EDGE('',*,*,#1327,.F.);
#1793=ORIENTED_EDGE('',*,*,#1347,.T.);
#1794=ORIENTED_EDGE('',*,*,#1297,.F.);
#1795=ORIENTED_EDGE('',*,*,#1348,.F.);
#1796=ORIENTED_EDGE('',*,*,#1214,.F.);
#1797=ORIENTED_EDGE('',*,*,#1349,.F.);
#1798=ORIENTED_EDGE('',*,*,#1267,.F.);
#1799=ORIENTED_EDGE('',*,*,#1349,.T.);
#1800=ORIENTED_EDGE('',*,*,#1213,.F.);
#1801=ORIENTED_EDGE('',*,*,#1350,.F.);
#1802=ORIENTED_EDGE('',*,*,#1270,.F.);
#1803=ORIENTED_EDGE('',*,*,#1348,.T.);
#1804=ORIENTED_EDGE('',*,*,#1264,.F.);
#1805=ORIENTED_EDGE('',*,*,#1351,.F.);
#1806=ORIENTED_EDGE('',*,*,#1215,.F.);
#1807=ORIENTED_EDGE('',*,*,#1350,.T.);
#1808=ORIENTED_EDGE('',*,*,#1212,.F.);
#1809=ORIENTED_EDGE('',*,*,#1352,.F.);
#1810=ORIENTED_EDGE('',*,*,#1273,.F.);
#1811=ORIENTED_EDGE('',*,*,#1351,.T.);
#1812=ORIENTED_EDGE('',*,*,#1321,.F.);
#1813=ORIENTED_EDGE('',*,*,#1353,.F.);
#1814=ORIENTED_EDGE('',*,*,#1216,.F.);
#1815=ORIENTED_EDGE('',*,*,#1352,.T.);
#1816=ORIENTED_EDGE('',*,*,#1211,.F.);
#1817=ORIENTED_EDGE('',*,*,#1354,.F.);
#1818=ORIENTED_EDGE('',*,*,#1276,.F.);
#1819=ORIENTED_EDGE('',*,*,#1353,.T.);
#1820=ORIENTED_EDGE('',*,*,#1323,.F.);
#1821=ORIENTED_EDGE('',*,*,#1355,.F.);
#1822=ORIENTED_EDGE('',*,*,#1209,.F.);
#1823=ORIENTED_EDGE('',*,*,#1354,.T.);
#1824=ORIENTED_EDGE('',*,*,#1210,.F.);
#1825=ORIENTED_EDGE('',*,*,#1355,.T.);
#1826=ORIENTED_EDGE('',*,*,#1324,.F.);
#1827=ORIENTED_EDGE('',*,*,#1356,.T.);
#1828=ORIENTED_EDGE('',*,*,#1217,.F.);
#1829=ORIENTED_EDGE('',*,*,#1357,.F.);
#1830=ORIENTED_EDGE('',*,*,#1228,.F.);
#1831=ORIENTED_EDGE('',*,*,#1358,.T.);
#1832=ORIENTED_EDGE('',*,*,#1229,.T.);
#1833=ORIENTED_EDGE('',*,*,#1357,.T.);
#1834=ORIENTED_EDGE('',*,*,#1220,.T.);
#1835=ORIENTED_EDGE('',*,*,#1359,.F.);
#1836=ORIENTED_EDGE('',*,*,#1360,.T.);
#1837=ORIENTED_EDGE('',*,*,#1218,.F.);
#1838=ORIENTED_EDGE('',*,*,#1356,.F.);
#1839=ORIENTED_EDGE('',*,*,#1361,.T.);
#1840=ORIENTED_EDGE('',*,*,#1360,.F.);
#1841=ORIENTED_EDGE('',*,*,#1362,.T.);
#1842=ORIENTED_EDGE('',*,*,#1230,.T.);
#1843=ORIENTED_EDGE('',*,*,#1359,.T.);
#1844=ORIENTED_EDGE('',*,*,#1219,.T.);
#1845=ORIENTED_EDGE('',*,*,#1314,.F.);
#1846=ORIENTED_EDGE('',*,*,#1316,.F.);
#1847=ORIENTED_EDGE('',*,*,#1363,.F.);
#1848=ORIENTED_EDGE('',*,*,#1239,.F.);
#1849=ORIENTED_EDGE('',*,*,#1363,.T.);
#1850=ORIENTED_EDGE('',*,*,#1318,.F.);
#1851=ORIENTED_EDGE('',*,*,#1364,.F.);
#1852=ORIENTED_EDGE('',*,*,#1240,.F.);
#1853=ORIENTED_EDGE('',*,*,#1364,.T.);
#1854=ORIENTED_EDGE('',*,*,#1260,.F.);
#1855=ORIENTED_EDGE('',*,*,#1365,.F.);
#1856=ORIENTED_EDGE('',*,*,#1241,.F.);
#1857=ORIENTED_EDGE('',*,*,#1365,.T.);
#1858=ORIENTED_EDGE('',*,*,#1257,.F.);
#1859=ORIENTED_EDGE('',*,*,#1366,.F.);
#1860=ORIENTED_EDGE('',*,*,#1242,.F.);
#1861=ORIENTED_EDGE('',*,*,#1250,.F.);
#1862=ORIENTED_EDGE('',*,*,#1221,.F.);
#1863=ORIENTED_EDGE('',*,*,#1366,.T.);
#1864=ORIENTED_EDGE('',*,*,#1254,.F.);
#1865=ORIENTED_EDGE('',*,*,#1246,.F.);
#1866=ORIENTED_EDGE('',*,*,#1286,.F.);
#1867=ORIENTED_EDGE('',*,*,#1367,.F.);
#1868=ORIENTED_EDGE('',*,*,#1225,.F.);
#1869=ORIENTED_EDGE('',*,*,#1367,.T.);
#1870=ORIENTED_EDGE('',*,*,#1283,.F.);
#1871=ORIENTED_EDGE('',*,*,#1368,.F.);
#1872=ORIENTED_EDGE('',*,*,#1226,.F.);
#1873=ORIENTED_EDGE('',*,*,#1368,.T.);
#1874=ORIENTED_EDGE('',*,*,#1280,.F.);
#1875=ORIENTED_EDGE('',*,*,#1369,.F.);
#1876=ORIENTED_EDGE('',*,*,#1231,.F.);
#1877=ORIENTED_EDGE('',*,*,#1362,.F.);
#1878=ORIENTED_EDGE('',*,*,#1361,.F.);
#1879=ORIENTED_EDGE('',*,*,#1358,.F.);
#1880=ORIENTED_EDGE('',*,*,#1227,.F.);
#1881=ORIENTED_EDGE('',*,*,#1369,.T.);
#1882=ORIENTED_EDGE('',*,*,#1336,.F.);
#1883=ORIENTED_EDGE('',*,*,#1370,.F.);
#1884=ORIENTED_EDGE('',*,*,#1232,.F.);
#1885=ORIENTED_EDGE('',*,*,#1370,.T.);
#1886=ORIENTED_EDGE('',*,*,#1329,.F.);
#1887=ORIENTED_EDGE('',*,*,#1371,.F.);
#1888=ORIENTED_EDGE('',*,*,#1233,.F.);
#1889=ORIENTED_EDGE('',*,*,#1371,.T.);
#1890=ORIENTED_EDGE('',*,*,#1334,.F.);
#1891=ORIENTED_EDGE('',*,*,#1372,.F.);
#1892=ORIENTED_EDGE('',*,*,#1234,.F.);
#1893=ORIENTED_EDGE('',*,*,#1307,.F.);
#1894=ORIENTED_EDGE('',*,*,#1235,.F.);
#1895=ORIENTED_EDGE('',*,*,#1372,.T.);
#1896=ORIENTED_EDGE('',*,*,#1325,.F.);
#1897=ORIENTED_EDGE('',*,*,#1373,.T.);
#1898=ORIENTED_EDGE('',*,*,#1374,.T.);
#1899=ORIENTED_EDGE('',*,*,#1375,.F.);
#1900=ORIENTED_EDGE('',*,*,#1374,.F.);
#1901=ORIENTED_EDGE('',*,*,#1376,.T.);
#1902=ORIENTED_EDGE('',*,*,#1377,.T.);
#1903=ORIENTED_EDGE('',*,*,#1378,.T.);
#1904=ORIENTED_EDGE('',*,*,#1379,.T.);
#1905=ORIENTED_EDGE('',*,*,#1380,.F.);
#1906=ORIENTED_EDGE('',*,*,#1381,.F.);
#1907=ORIENTED_EDGE('',*,*,#1382,.F.);
#1908=ORIENTED_EDGE('',*,*,#1383,.F.);
#1909=ORIENTED_EDGE('',*,*,#1384,.F.);
#1910=ORIENTED_EDGE('',*,*,#1375,.T.);
#1911=ORIENTED_EDGE('',*,*,#1385,.F.);
#1912=ORIENTED_EDGE('',*,*,#1386,.T.);
#1913=ORIENTED_EDGE('',*,*,#1387,.F.);
#1914=ORIENTED_EDGE('',*,*,#1388,.F.);
#1915=ORIENTED_EDGE('',*,*,#1389,.F.);
#1916=ORIENTED_EDGE('',*,*,#1390,.T.);
#1917=ORIENTED_EDGE('',*,*,#1391,.F.);
#1918=ORIENTED_EDGE('',*,*,#1392,.T.);
#1919=ORIENTED_EDGE('',*,*,#1393,.T.);
#1920=ORIENTED_EDGE('',*,*,#1394,.T.);
#1921=ORIENTED_EDGE('',*,*,#1395,.F.);
#1922=ORIENTED_EDGE('',*,*,#1396,.F.);
#1923=ORIENTED_EDGE('',*,*,#1397,.F.);
#1924=ORIENTED_EDGE('',*,*,#1398,.F.);
#1925=ORIENTED_EDGE('',*,*,#1399,.T.);
#1926=ORIENTED_EDGE('',*,*,#1400,.F.);
#1927=ORIENTED_EDGE('',*,*,#1401,.F.);
#1928=ORIENTED_EDGE('',*,*,#1402,.F.);
#1929=ORIENTED_EDGE('',*,*,#1403,.F.);
#1930=ORIENTED_EDGE('',*,*,#1404,.T.);
#1931=ORIENTED_EDGE('',*,*,#1405,.F.);
#1932=ORIENTED_EDGE('',*,*,#1406,.F.);
#1933=ORIENTED_EDGE('',*,*,#1407,.F.);
#1934=ORIENTED_EDGE('',*,*,#1408,.T.);
#1935=ORIENTED_EDGE('',*,*,#1409,.F.);
#1936=ORIENTED_EDGE('',*,*,#1410,.T.);
#1937=ORIENTED_EDGE('',*,*,#1388,.T.);
#1938=ORIENTED_EDGE('',*,*,#1411,.F.);
#1939=ORIENTED_EDGE('',*,*,#1387,.T.);
#1940=ORIENTED_EDGE('',*,*,#1412,.T.);
#1941=ORIENTED_EDGE('',*,*,#1413,.F.);
#1942=ORIENTED_EDGE('',*,*,#1411,.T.);
#1943=ORIENTED_EDGE('',*,*,#1414,.T.);
#1944=ORIENTED_EDGE('',*,*,#1415,.T.);
#1945=ORIENTED_EDGE('',*,*,#1416,.F.);
#1946=ORIENTED_EDGE('',*,*,#1417,.F.);
#1947=ORIENTED_EDGE('',*,*,#1418,.F.);
#1948=ORIENTED_EDGE('',*,*,#1417,.T.);
#1949=ORIENTED_EDGE('',*,*,#1419,.T.);
#1950=ORIENTED_EDGE('',*,*,#1420,.F.);
#1951=ORIENTED_EDGE('',*,*,#1421,.T.);
#1952=ORIENTED_EDGE('',*,*,#1422,.T.);
#1953=ORIENTED_EDGE('',*,*,#1423,.F.);
#1954=ORIENTED_EDGE('',*,*,#1420,.T.);
#1955=ORIENTED_EDGE('',*,*,#1424,.F.);
#1956=ORIENTED_EDGE('',*,*,#1425,.T.);
#1957=ORIENTED_EDGE('',*,*,#1403,.T.);
#1958=ORIENTED_EDGE('',*,*,#1426,.F.);
#1959=ORIENTED_EDGE('',*,*,#1427,.F.);
#1960=ORIENTED_EDGE('',*,*,#1426,.T.);
#1961=ORIENTED_EDGE('',*,*,#1402,.T.);
#1962=ORIENTED_EDGE('',*,*,#1428,.F.);
#1963=ORIENTED_EDGE('',*,*,#1429,.F.);
#1964=ORIENTED_EDGE('',*,*,#1428,.T.);
#1965=ORIENTED_EDGE('',*,*,#1401,.T.);
#1966=ORIENTED_EDGE('',*,*,#1430,.F.);
#1967=ORIENTED_EDGE('',*,*,#1431,.T.);
#1968=ORIENTED_EDGE('',*,*,#1432,.T.);
#1969=ORIENTED_EDGE('',*,*,#1433,.F.);
#1970=ORIENTED_EDGE('',*,*,#1430,.T.);
#1971=ORIENTED_EDGE('',*,*,#1400,.T.);
#1972=ORIENTED_EDGE('',*,*,#1434,.F.);
#1973=ORIENTED_EDGE('',*,*,#1435,.F.);
#1974=ORIENTED_EDGE('',*,*,#1436,.T.);
#1975=ORIENTED_EDGE('',*,*,#1437,.T.);
#1976=ORIENTED_EDGE('',*,*,#1438,.T.);
#1977=ORIENTED_EDGE('',*,*,#1439,.T.);
#1978=ORIENTED_EDGE('',*,*,#1440,.T.);
#1979=ORIENTED_EDGE('',*,*,#1441,.F.);
#1980=ORIENTED_EDGE('',*,*,#1442,.F.);
#1981=ORIENTED_EDGE('',*,*,#1443,.F.);
#1982=ORIENTED_EDGE('',*,*,#1444,.T.);
#1983=ORIENTED_EDGE('',*,*,#1442,.T.);
#1984=ORIENTED_EDGE('',*,*,#1445,.F.);
#1985=ORIENTED_EDGE('',*,*,#1446,.F.);
#1986=ORIENTED_EDGE('',*,*,#1447,.T.);
#1987=ORIENTED_EDGE('',*,*,#1389,.T.);
#1988=ORIENTED_EDGE('',*,*,#1410,.F.);
#1989=ORIENTED_EDGE('',*,*,#1447,.F.);
#1990=ORIENTED_EDGE('',*,*,#1448,.T.);
#1991=ORIENTED_EDGE('',*,*,#1443,.T.);
#1992=ORIENTED_EDGE('',*,*,#1449,.F.);
#1993=ORIENTED_EDGE('',*,*,#1450,.T.);
#1994=ORIENTED_EDGE('',*,*,#1390,.F.);
#1995=ORIENTED_EDGE('',*,*,#1451,.F.);
#1996=ORIENTED_EDGE('',*,*,#1452,.T.);
#1997=ORIENTED_EDGE('',*,*,#1453,.T.);
#1998=ORIENTED_EDGE('',*,*,#1384,.T.);
#1999=ORIENTED_EDGE('',*,*,#1454,.F.);
#2000=ORIENTED_EDGE('',*,*,#1455,.T.);
#2001=ORIENTED_EDGE('',*,*,#1451,.T.);
#2002=ORIENTED_EDGE('',*,*,#1383,.T.);
#2003=ORIENTED_EDGE('',*,*,#1456,.F.);
#2004=ORIENTED_EDGE('',*,*,#1457,.T.);
#2005=ORIENTED_EDGE('',*,*,#1454,.T.);
#2006=ORIENTED_EDGE('',*,*,#1382,.T.);
#2007=ORIENTED_EDGE('',*,*,#1458,.F.);
#2008=ORIENTED_EDGE('',*,*,#1459,.T.);
#2009=ORIENTED_EDGE('',*,*,#1456,.T.);
#2010=ORIENTED_EDGE('',*,*,#1381,.T.);
#2011=ORIENTED_EDGE('',*,*,#1460,.F.);
#2012=ORIENTED_EDGE('',*,*,#1461,.T.);
#2013=ORIENTED_EDGE('',*,*,#1458,.T.);
#2014=ORIENTED_EDGE('',*,*,#1380,.T.);
#2015=ORIENTED_EDGE('',*,*,#1462,.F.);
#2016=ORIENTED_EDGE('',*,*,#1463,.T.);
#2017=ORIENTED_EDGE('',*,*,#1460,.T.);
#2018=ORIENTED_EDGE('',*,*,#1379,.F.);
#2019=ORIENTED_EDGE('',*,*,#1453,.F.);
#2020=ORIENTED_EDGE('',*,*,#1464,.T.);
#2021=ORIENTED_EDGE('',*,*,#1465,.T.);
#2022=ORIENTED_EDGE('',*,*,#1377,.F.);
#2023=ORIENTED_EDGE('',*,*,#1465,.F.);
#2024=ORIENTED_EDGE('',*,*,#1466,.T.);
#2025=ORIENTED_EDGE('',*,*,#1462,.T.);
#2026=ORIENTED_EDGE('',*,*,#1378,.F.);
#2027=ORIENTED_EDGE('',*,*,#1467,.T.);
#2028=ORIENTED_EDGE('',*,*,#1468,.T.);
#2029=ORIENTED_EDGE('',*,*,#1469,.T.);
#2030=ORIENTED_EDGE('',*,*,#1470,.T.);
#2031=ORIENTED_EDGE('',*,*,#1471,.T.);
#2032=ORIENTED_EDGE('',*,*,#1472,.T.);
#2033=ORIENTED_EDGE('',*,*,#1473,.T.);
#2034=ORIENTED_EDGE('',*,*,#1474,.T.);
#2035=ORIENTED_EDGE('',*,*,#1475,.F.);
#2036=ORIENTED_EDGE('',*,*,#1476,.F.);
#2037=ORIENTED_EDGE('',*,*,#1477,.F.);
#2038=ORIENTED_EDGE('',*,*,#1478,.F.);
#2039=ORIENTED_EDGE('',*,*,#1479,.F.);
#2040=ORIENTED_EDGE('',*,*,#1480,.T.);
#2041=ORIENTED_EDGE('',*,*,#1481,.F.);
#2042=ORIENTED_EDGE('',*,*,#1482,.T.);
#2043=ORIENTED_EDGE('',*,*,#1483,.F.);
#2044=ORIENTED_EDGE('',*,*,#1433,.T.);
#2045=ORIENTED_EDGE('',*,*,#1484,.T.);
#2046=ORIENTED_EDGE('',*,*,#1435,.T.);
#2047=ORIENTED_EDGE('',*,*,#1485,.T.);
#2048=ORIENTED_EDGE('',*,*,#1439,.F.);
#2049=ORIENTED_EDGE('',*,*,#1444,.F.);
#2050=ORIENTED_EDGE('',*,*,#1448,.F.);
#2051=ORIENTED_EDGE('',*,*,#1446,.T.);
#2052=ORIENTED_EDGE('',*,*,#1409,.T.);
#2053=ORIENTED_EDGE('',*,*,#1413,.T.);
#2054=ORIENTED_EDGE('',*,*,#1486,.T.);
#2055=ORIENTED_EDGE('',*,*,#1414,.F.);
#2056=ORIENTED_EDGE('',*,*,#1418,.T.);
#2057=ORIENTED_EDGE('',*,*,#1423,.T.);
#2058=ORIENTED_EDGE('',*,*,#1487,.T.);
#2059=ORIENTED_EDGE('',*,*,#1424,.T.);
#2060=ORIENTED_EDGE('',*,*,#1427,.T.);
#2061=ORIENTED_EDGE('',*,*,#1429,.T.);
#2062=ORIENTED_EDGE('',*,*,#1488,.F.);
#2063=ORIENTED_EDGE('',*,*,#1489,.F.);
#2064=ORIENTED_EDGE('',*,*,#1490,.T.);
#2065=ORIENTED_EDGE('',*,*,#1491,.F.);
#2066=ORIENTED_EDGE('',*,*,#1492,.T.);
#2067=ORIENTED_EDGE('',*,*,#1493,.F.);
#2068=ORIENTED_EDGE('',*,*,#1494,.F.);
#2069=ORIENTED_EDGE('',*,*,#1495,.F.);
#2070=ORIENTED_EDGE('',*,*,#1496,.F.);
#2071=ORIENTED_EDGE('',*,*,#1497,.T.);
#2072=ORIENTED_EDGE('',*,*,#1498,.T.);
#2073=ORIENTED_EDGE('',*,*,#1406,.T.);
#2074=ORIENTED_EDGE('',*,*,#1405,.T.);
#2075=ORIENTED_EDGE('',*,*,#1499,.T.);
#2076=ORIENTED_EDGE('',*,*,#1500,.F.);
#2077=ORIENTED_EDGE('',*,*,#1501,.T.);
#2078=ORIENTED_EDGE('',*,*,#1496,.T.);
#2079=ORIENTED_EDGE('',*,*,#1502,.F.);
#2080=ORIENTED_EDGE('',*,*,#1503,.T.);
#2081=ORIENTED_EDGE('',*,*,#1385,.T.);
#2082=ORIENTED_EDGE('',*,*,#1504,.F.);
#2083=ORIENTED_EDGE('',*,*,#1505,.T.);
#2084=ORIENTED_EDGE('',*,*,#1506,.F.);
#2085=ORIENTED_EDGE('',*,*,#1507,.T.);
#2086=ORIENTED_EDGE('',*,*,#1504,.T.);
#2087=ORIENTED_EDGE('',*,*,#1408,.F.);
#2088=ORIENTED_EDGE('',*,*,#1498,.F.);
#2089=ORIENTED_EDGE('',*,*,#1508,.T.);
#2090=ORIENTED_EDGE('',*,*,#1506,.T.);
#2091=ORIENTED_EDGE('',*,*,#1407,.T.);
#2092=ORIENTED_EDGE('',*,*,#1416,.T.);
#2093=ORIENTED_EDGE('',*,*,#1509,.T.);
#2094=ORIENTED_EDGE('',*,*,#1502,.T.);
#2095=ORIENTED_EDGE('',*,*,#1510,.T.);
#2096=ORIENTED_EDGE('',*,*,#1511,.T.);
#2097=ORIENTED_EDGE('',*,*,#1512,.T.);
#2098=ORIENTED_EDGE('',*,*,#1500,.T.);
#2099=ORIENTED_EDGE('',*,*,#1513,.T.);
#2100=ORIENTED_EDGE('',*,*,#1421,.F.);
#2101=ORIENTED_EDGE('',*,*,#1419,.F.);
#2102=ORIENTED_EDGE('',*,*,#1514,.F.);
#2103=ORIENTED_EDGE('',*,*,#1515,.T.);
#2104=ORIENTED_EDGE('',*,*,#1516,.T.);
#2105=ORIENTED_EDGE('',*,*,#1392,.F.);
#2106=ORIENTED_EDGE('',*,*,#1517,.F.);
#2107=ORIENTED_EDGE('',*,*,#1518,.T.);
#2108=ORIENTED_EDGE('',*,*,#1514,.T.);
#2109=ORIENTED_EDGE('',*,*,#1391,.T.);
#2110=ORIENTED_EDGE('',*,*,#1450,.F.);
#2111=ORIENTED_EDGE('',*,*,#1519,.F.);
#2112=ORIENTED_EDGE('',*,*,#1520,.T.);
#2113=ORIENTED_EDGE('',*,*,#1521,.T.);
#2114=ORIENTED_EDGE('',*,*,#1434,.T.);
#2115=ORIENTED_EDGE('',*,*,#1399,.F.);
#2116=ORIENTED_EDGE('',*,*,#1522,.F.);
#2117=ORIENTED_EDGE('',*,*,#1523,.T.);
#2118=ORIENTED_EDGE('',*,*,#1519,.T.);
#2119=ORIENTED_EDGE('',*,*,#1398,.T.);
#2120=ORIENTED_EDGE('',*,*,#1524,.F.);
#2121=ORIENTED_EDGE('',*,*,#1525,.T.);
#2122=ORIENTED_EDGE('',*,*,#1522,.T.);
#2123=ORIENTED_EDGE('',*,*,#1397,.T.);
#2124=ORIENTED_EDGE('',*,*,#1526,.F.);
#2125=ORIENTED_EDGE('',*,*,#1527,.T.);
#2126=ORIENTED_EDGE('',*,*,#1524,.T.);
#2127=ORIENTED_EDGE('',*,*,#1396,.T.);
#2128=ORIENTED_EDGE('',*,*,#1528,.F.);
#2129=ORIENTED_EDGE('',*,*,#1529,.T.);
#2130=ORIENTED_EDGE('',*,*,#1526,.T.);
#2131=ORIENTED_EDGE('',*,*,#1395,.T.);
#2132=ORIENTED_EDGE('',*,*,#1530,.F.);
#2133=ORIENTED_EDGE('',*,*,#1531,.T.);
#2134=ORIENTED_EDGE('',*,*,#1528,.T.);
#2135=ORIENTED_EDGE('',*,*,#1394,.F.);
#2136=ORIENTED_EDGE('',*,*,#1516,.F.);
#2137=ORIENTED_EDGE('',*,*,#1532,.T.);
#2138=ORIENTED_EDGE('',*,*,#1530,.T.);
#2139=ORIENTED_EDGE('',*,*,#1393,.F.);
#2140=ORIENTED_EDGE('',*,*,#1521,.F.);
#2141=ORIENTED_EDGE('',*,*,#1533,.T.);
#2142=ORIENTED_EDGE('',*,*,#1534,.T.);
#2143=ORIENTED_EDGE('',*,*,#1535,.T.);
#2144=ORIENTED_EDGE('',*,*,#1536,.T.);
#2145=ORIENTED_EDGE('',*,*,#1537,.T.);
#2146=ORIENTED_EDGE('',*,*,#1538,.T.);
#2147=ORIENTED_EDGE('',*,*,#1539,.T.);
#2148=ORIENTED_EDGE('',*,*,#1517,.T.);
#2149=ORIENTED_EDGE('',*,*,#1449,.T.);
#2150=ORIENTED_EDGE('',*,*,#1445,.T.);
#2151=ORIENTED_EDGE('',*,*,#1441,.T.);
#2152=ORIENTED_EDGE('',*,*,#1540,.T.);
#2153=ORIENTED_EDGE('',*,*,#1437,.F.);
#2154=ORIENTED_EDGE('',*,*,#1541,.T.);
#2155=ORIENTED_EDGE('',*,*,#1431,.F.);
#2156=ORIENTED_EDGE('',*,*,#1505,.F.);
#2157=ORIENTED_EDGE('',*,*,#1507,.F.);
#2158=ORIENTED_EDGE('',*,*,#1542,.F.);
#2159=ORIENTED_EDGE('',*,*,#1510,.F.);
#2160=ORIENTED_EDGE('',*,*,#1542,.T.);
#2161=ORIENTED_EDGE('',*,*,#1508,.F.);
#2162=ORIENTED_EDGE('',*,*,#1543,.F.);
#2163=ORIENTED_EDGE('',*,*,#1511,.F.);
#2164=ORIENTED_EDGE('',*,*,#1543,.T.);
#2165=ORIENTED_EDGE('',*,*,#1497,.F.);
#2166=ORIENTED_EDGE('',*,*,#1501,.F.);
#2167=ORIENTED_EDGE('',*,*,#1512,.F.);
#2168=ORIENTED_EDGE('',*,*,#1518,.F.);
#2169=ORIENTED_EDGE('',*,*,#1539,.F.);
#2170=ORIENTED_EDGE('',*,*,#1544,.F.);
#2171=ORIENTED_EDGE('',*,*,#1515,.F.);
#2172=ORIENTED_EDGE('',*,*,#1544,.T.);
#2173=ORIENTED_EDGE('',*,*,#1538,.F.);
#2174=ORIENTED_EDGE('',*,*,#1545,.F.);
#2175=ORIENTED_EDGE('',*,*,#1532,.F.);
#2176=ORIENTED_EDGE('',*,*,#1545,.T.);
#2177=ORIENTED_EDGE('',*,*,#1537,.F.);
#2178=ORIENTED_EDGE('',*,*,#1546,.F.);
#2179=ORIENTED_EDGE('',*,*,#1531,.F.);
#2180=ORIENTED_EDGE('',*,*,#1546,.T.);
#2181=ORIENTED_EDGE('',*,*,#1536,.F.);
#2182=ORIENTED_EDGE('',*,*,#1547,.F.);
#2183=ORIENTED_EDGE('',*,*,#1529,.F.);
#2184=ORIENTED_EDGE('',*,*,#1547,.T.);
#2185=ORIENTED_EDGE('',*,*,#1535,.F.);
#2186=ORIENTED_EDGE('',*,*,#1548,.F.);
#2187=ORIENTED_EDGE('',*,*,#1527,.F.);
#2188=ORIENTED_EDGE('',*,*,#1548,.T.);
#2189=ORIENTED_EDGE('',*,*,#1534,.F.);
#2190=ORIENTED_EDGE('',*,*,#1549,.F.);
#2191=ORIENTED_EDGE('',*,*,#1525,.F.);
#2192=ORIENTED_EDGE('',*,*,#1520,.F.);
#2193=ORIENTED_EDGE('',*,*,#1523,.F.);
#2194=ORIENTED_EDGE('',*,*,#1549,.T.);
#2195=ORIENTED_EDGE('',*,*,#1533,.F.);
#2196=ORIENTED_EDGE('',*,*,#1550,.F.);
#2197=ORIENTED_EDGE('',*,*,#1551,.T.);
#2198=ORIENTED_EDGE('',*,*,#1475,.T.);
#2199=ORIENTED_EDGE('',*,*,#1551,.F.);
#2200=ORIENTED_EDGE('',*,*,#1373,.F.);
#2201=ORIENTED_EDGE('',*,*,#1552,.T.);
#2202=ORIENTED_EDGE('',*,*,#1550,.T.);
#2203=ORIENTED_EDGE('',*,*,#1552,.F.);
#2204=ORIENTED_EDGE('',*,*,#1376,.F.);
#2205=ORIENTED_EDGE('',*,*,#1486,.F.);
#2206=ORIENTED_EDGE('',*,*,#1412,.F.);
#2207=ORIENTED_EDGE('',*,*,#1386,.F.);
#2208=ORIENTED_EDGE('',*,*,#1503,.F.);
#2209=ORIENTED_EDGE('',*,*,#1509,.F.);
#2210=ORIENTED_EDGE('',*,*,#1415,.F.);
#2211=ORIENTED_EDGE('',*,*,#1487,.F.);
#2212=ORIENTED_EDGE('',*,*,#1422,.F.);
#2213=ORIENTED_EDGE('',*,*,#1513,.F.);
#2214=ORIENTED_EDGE('',*,*,#1499,.F.);
#2215=ORIENTED_EDGE('',*,*,#1404,.F.);
#2216=ORIENTED_EDGE('',*,*,#1425,.F.);
#2217=ORIENTED_EDGE('',*,*,#1484,.F.);
#2218=ORIENTED_EDGE('',*,*,#1432,.F.);
#2219=ORIENTED_EDGE('',*,*,#1541,.F.);
#2220=ORIENTED_EDGE('',*,*,#1436,.F.);
#2221=ORIENTED_EDGE('',*,*,#1485,.F.);
#2222=ORIENTED_EDGE('',*,*,#1438,.F.);
#2223=ORIENTED_EDGE('',*,*,#1540,.F.);
#2224=ORIENTED_EDGE('',*,*,#1440,.F.);
#2225=ORIENTED_EDGE('',*,*,#1553,.F.);
#2226=ORIENTED_EDGE('',*,*,#1464,.F.);
#2227=ORIENTED_EDGE('',*,*,#1554,.F.);
#2228=ORIENTED_EDGE('',*,*,#1472,.F.);
#2229=ORIENTED_EDGE('',*,*,#1554,.T.);
#2230=ORIENTED_EDGE('',*,*,#1452,.F.);
#2231=ORIENTED_EDGE('',*,*,#1555,.F.);
#2232=ORIENTED_EDGE('',*,*,#1473,.F.);
#2233=ORIENTED_EDGE('',*,*,#1553,.T.);
#2234=ORIENTED_EDGE('',*,*,#1471,.F.);
#2235=ORIENTED_EDGE('',*,*,#1556,.F.);
#2236=ORIENTED_EDGE('',*,*,#1466,.F.);
#2237=ORIENTED_EDGE('',*,*,#1555,.T.);
#2238=ORIENTED_EDGE('',*,*,#1455,.F.);
#2239=ORIENTED_EDGE('',*,*,#1557,.F.);
#2240=ORIENTED_EDGE('',*,*,#1474,.F.);
#2241=ORIENTED_EDGE('',*,*,#1556,.T.);
#2242=ORIENTED_EDGE('',*,*,#1470,.F.);
#2243=ORIENTED_EDGE('',*,*,#1558,.F.);
#2244=ORIENTED_EDGE('',*,*,#1463,.F.);
#2245=ORIENTED_EDGE('',*,*,#1557,.T.);
#2246=ORIENTED_EDGE('',*,*,#1457,.F.);
#2247=ORIENTED_EDGE('',*,*,#1559,.F.);
#2248=ORIENTED_EDGE('',*,*,#1467,.F.);
#2249=ORIENTED_EDGE('',*,*,#1558,.T.);
#2250=ORIENTED_EDGE('',*,*,#1469,.F.);
#2251=ORIENTED_EDGE('',*,*,#1560,.F.);
#2252=ORIENTED_EDGE('',*,*,#1461,.F.);
#2253=ORIENTED_EDGE('',*,*,#1559,.T.);
#2254=ORIENTED_EDGE('',*,*,#1459,.F.);
#2255=ORIENTED_EDGE('',*,*,#1560,.T.);
#2256=ORIENTED_EDGE('',*,*,#1468,.F.);
#2257=ORIENTED_EDGE('',*,*,#1488,.T.);
#2258=ORIENTED_EDGE('',*,*,#1561,.T.);
#2259=ORIENTED_EDGE('',*,*,#1476,.T.);
#2260=ORIENTED_EDGE('',*,*,#1562,.F.);
#2261=ORIENTED_EDGE('',*,*,#1489,.T.);
#2262=ORIENTED_EDGE('',*,*,#1562,.T.);
#2263=ORIENTED_EDGE('',*,*,#1483,.T.);
#2264=ORIENTED_EDGE('',*,*,#1563,.F.);
#2265=ORIENTED_EDGE('',*,*,#1563,.T.);
#2266=ORIENTED_EDGE('',*,*,#1482,.F.);
#2267=ORIENTED_EDGE('',*,*,#1564,.F.);
#2268=ORIENTED_EDGE('',*,*,#1490,.F.);
#2269=ORIENTED_EDGE('',*,*,#1491,.T.);
#2270=ORIENTED_EDGE('',*,*,#1564,.T.);
#2271=ORIENTED_EDGE('',*,*,#1481,.T.);
#2272=ORIENTED_EDGE('',*,*,#1565,.F.);
#2273=ORIENTED_EDGE('',*,*,#1565,.T.);
#2274=ORIENTED_EDGE('',*,*,#1480,.F.);
#2275=ORIENTED_EDGE('',*,*,#1566,.F.);
#2276=ORIENTED_EDGE('',*,*,#1492,.F.);
#2277=ORIENTED_EDGE('',*,*,#1493,.T.);
#2278=ORIENTED_EDGE('',*,*,#1566,.T.);
#2279=ORIENTED_EDGE('',*,*,#1479,.T.);
#2280=ORIENTED_EDGE('',*,*,#1567,.F.);
#2281=ORIENTED_EDGE('',*,*,#1495,.T.);
#2282=ORIENTED_EDGE('',*,*,#1568,.T.);
#2283=ORIENTED_EDGE('',*,*,#1477,.T.);
#2284=ORIENTED_EDGE('',*,*,#1561,.F.);
#2285=ORIENTED_EDGE('',*,*,#1494,.T.);
#2286=ORIENTED_EDGE('',*,*,#1567,.T.);
#2287=ORIENTED_EDGE('',*,*,#1478,.T.);
#2288=ORIENTED_EDGE('',*,*,#1568,.F.);
#2289=PLANE('',#2522);
#2290=PLANE('',#2527);
#2291=PLANE('',#2534);
#2292=PLANE('',#2536);
#2293=PLANE('',#2537);
#2294=PLANE('',#2539);
#2295=PLANE('',#2543);
#2296=PLANE('',#2544);
#2297=PLANE('',#2548);
#2298=PLANE('',#2552);
#2299=PLANE('',#2553);
#2300=PLANE('',#2557);
#2301=PLANE('',#2558);
#2302=PLANE('',#2568);
#2303=PLANE('',#2570);
#2304=PLANE('',#2571);
#2305=PLANE('',#2573);
#2306=PLANE('',#2579);
#2307=PLANE('',#2582);
#2308=PLANE('',#2588);
#2309=PLANE('',#2595);
#2310=PLANE('',#2597);
#2311=PLANE('',#2599);
#2312=PLANE('',#2600);
#2313=PLANE('',#2602);
#2314=PLANE('',#2606);
#2315=PLANE('',#2623);
#2316=PLANE('',#2625);
#2317=PLANE('',#2626);
#2318=PLANE('',#2627);
#2319=PLANE('',#2654);
#2320=PLANE('',#2665);
#2321=PLANE('',#2666);
#2322=PLANE('',#2670);
#2323=PLANE('',#2674);
#2324=PLANE('',#2675);
#2325=PLANE('',#2676);
#2326=PLANE('',#2677);
#2327=PLANE('',#2681);
#2328=PLANE('',#2685);
#2329=PLANE('',#2686);
#2330=PLANE('',#2687);
#2331=PLANE('',#2690);
#2332=PLANE('',#2693);
#2333=PLANE('',#2698);
#2334=PLANE('',#2699);
#2335=PLANE('',#2709);
#2336=PLANE('',#2716);
#2337=PLANE('',#2717);
#2338=PLANE('',#2720);
#2339=PLANE('',#2721);
#2340=PLANE('',#2726);
#2341=PLANE('',#2727);
#2342=PLANE('',#2728);
#2343=PLANE('',#2729);
#2344=PLANE('',#2736);
#2345=PLANE('',#2739);
#2346=PLANE('',#2745);
#2347=PLANE('',#2747);
#2348=PLANE('',#2749);
#2349=PLANE('',#2753);
#2350=PLANE('',#2773);
#2351=PLANE('',#2775);
#2352=PLANE('',#2777);
#2353=PLANE('',#2780);
#2354=ADVANCED_FACE('',(#127,#119),#2289,.F.);
#2355=ADVANCED_FACE('',(#128),#2290,.F.);
#2356=ADVANCED_FACE('',(#129),#2291,.F.);
#2357=ADVANCED_FACE('',(#130),#2292,.F.);
#2358=ADVANCED_FACE('',(#131),#2293,.F.);
#2359=ADVANCED_FACE('',(#132),#2294,.T.);
#2360=ADVANCED_FACE('',(#133),#78,.F.);
#2361=ADVANCED_FACE('',(#134),#2295,.T.);
#2362=ADVANCED_FACE('',(#135),#2296,.T.);
#2363=ADVANCED_FACE('',(#136),#79,.T.);
#2364=ADVANCED_FACE('',(#137),#2297,.T.);
#2365=ADVANCED_FACE('',(#138),#80,.T.);
#2366=ADVANCED_FACE('',(#139),#2298,.T.);
#2367=ADVANCED_FACE('',(#140),#2299,.F.);
#2368=ADVANCED_FACE('',(#141),#81,.F.);
#2369=ADVANCED_FACE('',(#142),#2300,.F.);
#2370=ADVANCED_FACE('',(#143,#120,#121),#2301,.T.);
#2371=ADVANCED_FACE('',(#144),#2302,.F.);
#2372=ADVANCED_FACE('',(#145),#2303,.F.);
#2373=ADVANCED_FACE('',(#146),#2304,.F.);
#2374=ADVANCED_FACE('',(#147),#2305,.T.);
#2375=ADVANCED_FACE('',(#148),#82,.F.);
#2376=ADVANCED_FACE('',(#149),#83,.T.);
#2377=ADVANCED_FACE('',(#150),#2306,.T.);
#2378=ADVANCED_FACE('',(#151),#84,.T.);
#2379=ADVANCED_FACE('',(#152),#2307,.F.);
#2380=ADVANCED_FACE('',(#153),#85,.T.);
#2381=ADVANCED_FACE('',(#154),#86,.F.);
#2382=ADVANCED_FACE('',(#155),#2308,.F.);
#2383=ADVANCED_FACE('',(#156),#87,.F.);
#2384=ADVANCED_FACE('',(#157),#88,.F.);
#2385=ADVANCED_FACE('',(#158),#2309,.F.);
#2386=ADVANCED_FACE('',(#159),#61,.F.);
#2387=ADVANCED_FACE('',(#160),#2310,.F.);
#2388=ADVANCED_FACE('',(#161),#62,.F.);
#2389=ADVANCED_FACE('',(#162),#2311,.F.);
#2390=ADVANCED_FACE('',(#163),#2312,.T.);
#2391=ADVANCED_FACE('',(#164),#63,.F.);
#2392=ADVANCED_FACE('',(#165),#2313,.T.);
#2393=ADVANCED_FACE('',(#166),#64,.F.);
#2394=ADVANCED_FACE('',(#167),#65,.T.);
#2395=ADVANCED_FACE('',(#168),#66,.F.);
#2396=ADVANCED_FACE('',(#169),#2314,.T.);
#2397=ADVANCED_FACE('',(#170),#49,.T.);
#2398=ADVANCED_FACE('',(#171),#89,.T.);
#2399=ADVANCED_FACE('',(#172),#90,.T.);
#2400=ADVANCED_FACE('',(#173),#50,.T.);
#2401=ADVANCED_FACE('',(#174),#51,.T.);
#2402=ADVANCED_FACE('',(#175),#91,.T.);
#2403=ADVANCED_FACE('',(#176),#92,.T.);
#2404=ADVANCED_FACE('',(#177),#52,.T.);
#2405=ADVANCED_FACE('',(#178),#2315,.T.);
#2406=ADVANCED_FACE('',(#179),#2316,.F.);
#2407=ADVANCED_FACE('',(#180),#2317,.T.);
#2408=ADVANCED_FACE('',(#181),#2318,.F.);
#2409=ADVANCED_FACE('',(#182),#93,.F.);
#2410=ADVANCED_FACE('',(#183),#53,.F.);
#2411=ADVANCED_FACE('',(#184),#94,.F.);
#2412=ADVANCED_FACE('',(#185),#54,.F.);
#2413=ADVANCED_FACE('',(#186),#95,.F.);
#2414=ADVANCED_FACE('',(#187),#96,.F.);
#2415=ADVANCED_FACE('',(#188),#55,.F.);
#2416=ADVANCED_FACE('',(#189),#97,.F.);
#2417=ADVANCED_FACE('',(#190),#43,.T.);
#2418=ADVANCED_FACE('',(#191),#56,.F.);
#2419=ADVANCED_FACE('',(#192),#44,.T.);
#2420=ADVANCED_FACE('',(#193),#98,.F.);
#2421=ADVANCED_FACE('',(#194),#99,.F.);
#2422=ADVANCED_FACE('',(#195,#122,#123),#2319,.F.);
#2423=ADVANCED_FACE('',(#196),#2320,.F.);
#2424=ADVANCED_FACE('',(#197),#2321,.F.);
#2425=ADVANCED_FACE('',(#198),#67,.F.);
#2426=ADVANCED_FACE('',(#199),#2322,.T.);
#2427=ADVANCED_FACE('',(#200),#68,.F.);
#2428=ADVANCED_FACE('',(#201),#2323,.F.);
#2429=ADVANCED_FACE('',(#202),#2324,.F.);
#2430=ADVANCED_FACE('',(#203),#2325,.F.);
#2431=ADVANCED_FACE('',(#204),#2326,.T.);
#2432=ADVANCED_FACE('',(#205),#69,.T.);
#2433=ADVANCED_FACE('',(#206),#2327,.T.);
#2434=ADVANCED_FACE('',(#207),#70,.F.);
#2435=ADVANCED_FACE('',(#208),#2328,.F.);
#2436=ADVANCED_FACE('',(#209),#2329,.T.);
#2437=ADVANCED_FACE('',(#210),#2330,.F.);
#2438=ADVANCED_FACE('',(#211),#100,.T.);
#2439=ADVANCED_FACE('',(#212),#2331,.F.);
#2440=ADVANCED_FACE('',(#213),#101,.T.);
#2441=ADVANCED_FACE('',(#214),#2332,.F.);
#2442=ADVANCED_FACE('',(#215),#102,.T.);
#2443=ADVANCED_FACE('',(#216),#103,.T.);
#2444=ADVANCED_FACE('',(#217),#2333,.T.);
#2445=ADVANCED_FACE('',(#218,#124,#125),#2334,.T.);
#2446=ADVANCED_FACE('',(#219,#126),#2335,.F.);
#2447=ADVANCED_FACE('',(#220),#104,.T.);
#2448=ADVANCED_FACE('',(#221),#2336,.F.);
#2449=ADVANCED_FACE('',(#222),#2337,.F.);
#2450=ADVANCED_FACE('',(#223),#105,.T.);
#2451=ADVANCED_FACE('',(#224),#2338,.F.);
#2452=ADVANCED_FACE('',(#225),#2339,.T.);
#2453=ADVANCED_FACE('',(#226),#2340,.T.);
#2454=ADVANCED_FACE('',(#227),#2341,.F.);
#2455=ADVANCED_FACE('',(#228),#2342,.T.);
#2456=ADVANCED_FACE('',(#229),#2343,.F.);
#2457=ADVANCED_FACE('',(#230),#106,.T.);
#2458=ADVANCED_FACE('',(#231),#107,.F.);
#2459=ADVANCED_FACE('',(#232),#108,.T.);
#2460=ADVANCED_FACE('',(#233),#2344,.T.);
#2461=ADVANCED_FACE('',(#234),#109,.T.);
#2462=ADVANCED_FACE('',(#235),#2345,.T.);
#2463=ADVANCED_FACE('',(#236),#71,.T.);
#2464=ADVANCED_FACE('',(#237),#2346,.T.);
#2465=ADVANCED_FACE('',(#238),#72,.T.);
#2466=ADVANCED_FACE('',(#239),#2347,.F.);
#2467=ADVANCED_FACE('',(#240),#73,.T.);
#2468=ADVANCED_FACE('',(#241),#2348,.F.);
#2469=ADVANCED_FACE('',(#242),#74,.T.);
#2470=ADVANCED_FACE('',(#243),#75,.F.);
#2471=ADVANCED_FACE('',(#244),#76,.T.);
#2472=ADVANCED_FACE('',(#245),#2349,.T.);
#2473=ADVANCED_FACE('',(#246),#110,.F.);
#2474=ADVANCED_FACE('',(#247),#77,.F.);
#2475=ADVANCED_FACE('',(#248),#45,.T.);
#2476=ADVANCED_FACE('',(#249),#46,.T.);
#2477=ADVANCED_FACE('',(#250),#47,.F.);
#2478=ADVANCED_FACE('',(#251),#48,.F.);
#2479=ADVANCED_FACE('',(#252),#57,.T.);
#2480=ADVANCED_FACE('',(#253),#111,.T.);
#2481=ADVANCED_FACE('',(#254),#112,.T.);
#2482=ADVANCED_FACE('',(#255),#58,.T.);
#2483=ADVANCED_FACE('',(#256),#59,.T.);
#2484=ADVANCED_FACE('',(#257),#113,.T.);
#2485=ADVANCED_FACE('',(#258),#114,.T.);
#2486=ADVANCED_FACE('',(#259),#60,.T.);
#2487=ADVANCED_FACE('',(#260),#2350,.F.);
#2488=ADVANCED_FACE('',(#261),#115,.F.);
#2489=ADVANCED_FACE('',(#262),#2351,.T.);
#2490=ADVANCED_FACE('',(#263),#116,.F.);
#2491=ADVANCED_FACE('',(#264),#2352,.T.);
#2492=ADVANCED_FACE('',(#265),#117,.F.);
#2493=ADVANCED_FACE('',(#266),#118,.F.);
#2494=ADVANCED_FACE('',(#267),#2353,.F.);
#2495=CLOSED_SHELL('',(#2354,#2355,#2356,#2357,#2358,#2359,#2360,#2361,
#2362,#2363,#2364,#2365,#2366,#2367,#2368,#2369,#2370,#2371,#2372,#2373,
#2374,#2375,#2376,#2377,#2378,#2379,#2380,#2381,#2382,#2383,#2384,#2385,
#2386,#2387,#2388,#2389,#2390,#2391,#2392,#2393,#2394,#2395,#2396,#2397,
#2398,#2399,#2400,#2401,#2402,#2403,#2404,#2405,#2406,#2407,#2408,#2409,
#2410,#2411,#2412,#2413,#2414,#2415,#2416,#2417,#2418,#2419,#2420));
#2496=CLOSED_SHELL('',(#2421,#2422,#2423,#2424,#2425,#2426,#2427,#2428,
#2429,#2430,#2431,#2432,#2433,#2434,#2435,#2436,#2437,#2438,#2439,#2440,
#2441,#2442,#2443,#2444,#2445,#2446,#2447,#2448,#2449,#2450,#2451,#2452,
#2453,#2454,#2455,#2456,#2457,#2458,#2459,#2460,#2461,#2462,#2463,#2464,
#2465,#2466,#2467,#2468,#2469,#2470,#2471,#2472,#2473,#2474,#2475,#2476,
#2477,#2478,#2479,#2480,#2481,#2482,#2483,#2484,#2485,#2486,#2487,#2488,
#2489,#2490,#2491,#2492,#2493,#2494));
#2497=DERIVED_UNIT_ELEMENT(#2501,1.);
#2498=DERIVED_UNIT_ELEMENT(#4445,-3.);
#2499=DERIVED_UNIT_ELEMENT(#2501,1.);
#2500=DERIVED_UNIT_ELEMENT(#4445,-3.);
#2501=(
MASS_UNIT()
NAMED_UNIT(*)
SI_UNIT(.KILO.,.GRAM.)
);
#2502=DERIVED_UNIT((#2497,#2498));
#2503=DERIVED_UNIT((#2499,#2500));
#2504=MEASURE_REPRESENTATION_ITEM('density measure',
POSITIVE_RATIO_MEASURE(7850.),#2502);
#2505=MEASURE_REPRESENTATION_ITEM('density measure',
POSITIVE_RATIO_MEASURE(7850.),#2503);
#2506=PROPERTY_DEFINITION_REPRESENTATION(#2516,#2510);
#2507=PROPERTY_DEFINITION_REPRESENTATION(#2517,#2511);
#2508=PROPERTY_DEFINITION_REPRESENTATION(#2518,#2512);
#2509=PROPERTY_DEFINITION_REPRESENTATION(#2519,#2513);
#2510=REPRESENTATION('material name',(#2514),#4442);
#2511=REPRESENTATION('density',(#2504),#4442);
#2512=REPRESENTATION('material name',(#2515),#4443);
#2513=REPRESENTATION('density',(#2505),#4443);
#2514=DESCRIPTIVE_REPRESENTATION_ITEM('Steel','Steel');
#2515=DESCRIPTIVE_REPRESENTATION_ITEM('Steel','Steel');
#2516=PROPERTY_DEFINITION('material property','material name',#4461);
#2517=PROPERTY_DEFINITION('material property','density of part',#4461);
#2518=PROPERTY_DEFINITION('material property','material name',#4462);
#2519=PROPERTY_DEFINITION('material property','density of part',#4462);
#2520=AXIS2_PLACEMENT_3D('',#3532,#2783,#2784);
#2521=AXIS2_PLACEMENT_3D('',#3533,#2785,#2786);
#2522=AXIS2_PLACEMENT_3D('',#3534,#2787,#2788);
#2523=AXIS2_PLACEMENT_3D('',#3539,#2790,#2791);
#2524=AXIS2_PLACEMENT_3D('',#3543,#2793,#2794);
#2525=AXIS2_PLACEMENT_3D('',#3547,#2796,#2797);
#2526=AXIS2_PLACEMENT_3D('',#3550,#2799,#2800);
#2527=AXIS2_PLACEMENT_3D('',#3559,#2805,#2806);
#2528=AXIS2_PLACEMENT_3D('',#3572,#2812,#2813);
#2529=AXIS2_PLACEMENT_3D('',#3584,#2819,#2820);
#2530=AXIS2_PLACEMENT_3D('',#3586,#2821,#2822);
#2531=AXIS2_PLACEMENT_3D('',#3588,#2823,#2824);
#2532=AXIS2_PLACEMENT_3D('',#3600,#2830,#2831);
#2533=AXIS2_PLACEMENT_3D('',#3603,#2833,#2834);
#2534=AXIS2_PLACEMENT_3D('',#3604,#2835,#2836);
#2535=AXIS2_PLACEMENT_3D('',#3612,#2840,#2841);
#2536=AXIS2_PLACEMENT_3D('',#3614,#2843,#2844);
#2537=AXIS2_PLACEMENT_3D('',#3618,#2847,#2848);
#2538=AXIS2_PLACEMENT_3D('',#3620,#2849,#2850);
#2539=AXIS2_PLACEMENT_3D('',#3626,#2854,#2855);
#2540=AXIS2_PLACEMENT_3D('',#3632,#2859,#2860);
#2541=AXIS2_PLACEMENT_3D('',#3634,#2861,#2862);
#2542=AXIS2_PLACEMENT_3D('',#3637,#2864,#2865);
#2543=AXIS2_PLACEMENT_3D('',#3638,#2866,#2867);
#2544=AXIS2_PLACEMENT_3D('',#3644,#2871,#2872);
#2545=AXIS2_PLACEMENT_3D('',#3653,#2877,#2878);
#2546=AXIS2_PLACEMENT_3D('',#3655,#2879,#2880);
#2547=AXIS2_PLACEMENT_3D('',#3658,#2882,#2883);
#2548=AXIS2_PLACEMENT_3D('',#3659,#2884,#2885);
#2549=AXIS2_PLACEMENT_3D('',#3665,#2889,#2890);
#2550=AXIS2_PLACEMENT_3D('',#3667,#2891,#2892);
#2551=AXIS2_PLACEMENT_3D('',#3670,#2894,#2895);
#2552=AXIS2_PLACEMENT_3D('',#3671,#2896,#2897);
#2553=AXIS2_PLACEMENT_3D('',#3677,#2901,#2902);
#2554=AXIS2_PLACEMENT_3D('',#3686,#2907,#2908);
#2555=AXIS2_PLACEMENT_3D('',#3688,#2909,#2910);
#2556=AXIS2_PLACEMENT_3D('',#3691,#2912,#2913);
#2557=AXIS2_PLACEMENT_3D('',#3692,#2914,#2915);
#2558=AXIS2_PLACEMENT_3D('',#3695,#2918,#2919);
#2559=AXIS2_PLACEMENT_3D('',#3697,#2920,#2921);
#2560=AXIS2_PLACEMENT_3D('',#3699,#2922,#2923);
#2561=AXIS2_PLACEMENT_3D('',#3702,#2925,#2926);
#2562=AXIS2_PLACEMENT_3D('',#3705,#2927,#2928);
#2563=AXIS2_PLACEMENT_3D('',#3717,#2934,#2935);
#2564=AXIS2_PLACEMENT_3D('',#3719,#2936,#2937);
#2565=AXIS2_PLACEMENT_3D('',#3721,#2938,#2939);
#2566=AXIS2_PLACEMENT_3D('',#3725,#2941,#2942);
#2567=AXIS2_PLACEMENT_3D('',#3730,#2945,#2946);
#2568=AXIS2_PLACEMENT_3D('',#3732,#2948,#2949);
#2569=AXIS2_PLACEMENT_3D('',#3734,#2950,#2951);
#2570=AXIS2_PLACEMENT_3D('',#3739,#2955,#2956);
#2571=AXIS2_PLACEMENT_3D('',#3741,#2958,#2959);
#2572=AXIS2_PLACEMENT_3D('',#3746,#2962,#2963);
#2573=AXIS2_PLACEMENT_3D('',#3747,#2964,#2965);
#2574=AXIS2_PLACEMENT_3D('',#3753,#2969,#2970);
#2575=AXIS2_PLACEMENT_3D('',#3754,#2971,#2972);
#2576=AXIS2_PLACEMENT_3D('',#3755,#2973,#2974);
#2577=AXIS2_PLACEMENT_3D('',#3756,#2975,#2976);
#2578=AXIS2_PLACEMENT_3D('',#3759,#2978,#2979);
#2579=AXIS2_PLACEMENT_3D('',#3760,#2980,#2981);
#2580=AXIS2_PLACEMENT_3D('',#3764,#2984,#2985);
#2581=AXIS2_PLACEMENT_3D('',#3765,#2986,#2987);
#2582=AXIS2_PLACEMENT_3D('',#3766,#2988,#2989);
#2583=AXIS2_PLACEMENT_3D('',#3772,#2993,#2994);
#2584=AXIS2_PLACEMENT_3D('',#3777,#2996,#2997);
#2585=AXIS2_PLACEMENT_3D('',#3780,#2999,#3000);
#2586=AXIS2_PLACEMENT_3D('',#3781,#3001,#3002);
#2587=AXIS2_PLACEMENT_3D('',#3783,#3003,#3004);
#2588=AXIS2_PLACEMENT_3D('',#3785,#3006,#3007);
#2589=AXIS2_PLACEMENT_3D('',#3786,#3008,#3009);
#2590=AXIS2_PLACEMENT_3D('',#3787,#3010,#3011);
#2591=AXIS2_PLACEMENT_3D('',#3788,#3012,#3013);
#2592=AXIS2_PLACEMENT_3D('',#3789,#3014,#3015);
#2593=AXIS2_PLACEMENT_3D('',#3790,#3016,#3017);
#2594=AXIS2_PLACEMENT_3D('',#3791,#3018,#3019);
#2595=AXIS2_PLACEMENT_3D('',#3792,#3020,#3021);
#2596=AXIS2_PLACEMENT_3D('',#3794,#3023,#3024);
#2597=AXIS2_PLACEMENT_3D('',#3796,#3026,#3027);
#2598=AXIS2_PLACEMENT_3D('',#3798,#3029,#3030);
#2599=AXIS2_PLACEMENT_3D('',#3800,#3032,#3033);
#2600=AXIS2_PLACEMENT_3D('',#3801,#3034,#3035);
#2601=AXIS2_PLACEMENT_3D('',#3803,#3037,#3038);
#2602=AXIS2_PLACEMENT_3D('',#3805,#3040,#3041);
#2603=AXIS2_PLACEMENT_3D('',#3807,#3043,#3044);
#2604=AXIS2_PLACEMENT_3D('',#3809,#3046,#3047);
#2605=AXIS2_PLACEMENT_3D('',#3811,#3049,#3050);
#2606=AXIS2_PLACEMENT_3D('',#3813,#3052,#3053);
#2607=AXIS2_PLACEMENT_3D('',#3814,#3054,#3055);
#2608=AXIS2_PLACEMENT_3D('',#3815,#3056,#3057);
#2609=AXIS2_PLACEMENT_3D('',#3816,#3058,#3059);
#2610=AXIS2_PLACEMENT_3D('',#3817,#3060,#3061);
#2611=AXIS2_PLACEMENT_3D('',#3818,#3062,#3063);
#2612=AXIS2_PLACEMENT_3D('',#3819,#3064,#3065);
#2613=AXIS2_PLACEMENT_3D('',#3820,#3066,#3067);
#2614=AXIS2_PLACEMENT_3D('',#3821,#3068,#3069);
#2615=AXIS2_PLACEMENT_3D('',#3822,#3070,#3071);
#2616=AXIS2_PLACEMENT_3D('',#3823,#3072,#3073);
#2617=AXIS2_PLACEMENT_3D('',#3824,#3074,#3075);
#2618=AXIS2_PLACEMENT_3D('',#3825,#3076,#3077);
#2619=AXIS2_PLACEMENT_3D('',#3826,#3078,#3079);
#2620=AXIS2_PLACEMENT_3D('',#3827,#3080,#3081);
#2621=AXIS2_PLACEMENT_3D('',#3828,#3082,#3083);
#2622=AXIS2_PLACEMENT_3D('',#3829,#3084,#3085);
#2623=AXIS2_PLACEMENT_3D('',#3830,#3086,#3087);
#2624=AXIS2_PLACEMENT_3D('',#3834,#3090,#3091);
#2625=AXIS2_PLACEMENT_3D('',#3835,#3092,#3093);
#2626=AXIS2_PLACEMENT_3D('',#3837,#3095,#3096);
#2627=AXIS2_PLACEMENT_3D('',#3841,#3099,#3100);
#2628=AXIS2_PLACEMENT_3D('',#3842,#3101,#3102);
#2629=AXIS2_PLACEMENT_3D('',#3843,#3103,#3104);
#2630=AXIS2_PLACEMENT_3D('',#3844,#3105,#3106);
#2631=AXIS2_PLACEMENT_3D('',#3845,#3107,#3108);
#2632=AXIS2_PLACEMENT_3D('',#3846,#3109,#3110);
#2633=AXIS2_PLACEMENT_3D('',#3847,#3111,#3112);
#2634=AXIS2_PLACEMENT_3D('',#3848,#3113,#3114);
#2635=AXIS2_PLACEMENT_3D('',#3849,#3115,#3116);
#2636=AXIS2_PLACEMENT_3D('',#3850,#3117,#3118);
#2637=AXIS2_PLACEMENT_3D('',#3851,#3119,#3120);
#2638=AXIS2_PLACEMENT_3D('',#3852,#3121,#3122);
#2639=AXIS2_PLACEMENT_3D('',#3853,#3123,#3124);
#2640=AXIS2_PLACEMENT_3D('',#3854,#3125,#3126);
#2641=AXIS2_PLACEMENT_3D('',#3855,#3127,#3128);
#2642=AXIS2_PLACEMENT_3D('',#3856,#3129,#3130);
#2643=AXIS2_PLACEMENT_3D('',#3857,#3131,#3132);
#2644=AXIS2_PLACEMENT_3D('',#3873,#3133,#3134);
#2645=AXIS2_PLACEMENT_3D('',#3874,#3135,#3136);
#2646=AXIS2_PLACEMENT_3D('',#3875,#3137,#3138);
#2647=AXIS2_PLACEMENT_3D('',#3891,#3139,#3140);
#2648=AXIS2_PLACEMENT_3D('',#3892,#3141,#3142);
#2649=AXIS2_PLACEMENT_3D('',#3893,#3143,#3144);
#2650=AXIS2_PLACEMENT_3D('',#3894,#3145,#3146);
#2651=AXIS2_PLACEMENT_3D('',#3897,#3147,#3148);
#2652=AXIS2_PLACEMENT_3D('',#3900,#3150,#3151);
#2653=AXIS2_PLACEMENT_3D('',#3901,#3152,#3153);
#2654=AXIS2_PLACEMENT_3D('',#3902,#3154,#3155);
#2655=AXIS2_PLACEMENT_3D('',#3905,#3156,#3157);
#2656=AXIS2_PLACEMENT_3D('',#3909,#3159,#3160);
#2657=AXIS2_PLACEMENT_3D('',#3913,#3162,#3163);
#2658=AXIS2_PLACEMENT_3D('',#3917,#3165,#3166);
#2659=AXIS2_PLACEMENT_3D('',#3946,#3175,#3176);
#2660=AXIS2_PLACEMENT_3D('',#3950,#3178,#3179);
#2661=AXIS2_PLACEMENT_3D('',#3952,#3180,#3181);
#2662=AXIS2_PLACEMENT_3D('',#3954,#3182,#3183);
#2663=AXIS2_PLACEMENT_3D('',#3981,#3191,#3192);
#2664=AXIS2_PLACEMENT_3D('',#3984,#3194,#3195);
#2665=AXIS2_PLACEMENT_3D('',#3985,#3196,#3197);
#2666=AXIS2_PLACEMENT_3D('',#3991,#3201,#3202);
#2667=AXIS2_PLACEMENT_3D('',#3995,#3205,#3206);
#2668=AXIS2_PLACEMENT_3D('',#3998,#3207,#3208);
#2669=AXIS2_PLACEMENT_3D('',#4005,#3209,#3210);
#2670=AXIS2_PLACEMENT_3D('',#4007,#3212,#3213);
#2671=AXIS2_PLACEMENT_3D('',#4013,#3217,#3218);
#2672=AXIS2_PLACEMENT_3D('',#4015,#3219,#3220);
#2673=AXIS2_PLACEMENT_3D('',#4021,#3221,#3222);
#2674=AXIS2_PLACEMENT_3D('',#4022,#3223,#3224);
#2675=AXIS2_PLACEMENT_3D('',#4028,#3228,#3229);
#2676=AXIS2_PLACEMENT_3D('',#4032,#3232,#3233);
#2677=AXIS2_PLACEMENT_3D('',#4036,#3236,#3237);
#2678=AXIS2_PLACEMENT_3D('',#4047,#3241,#3242);
#2679=AXIS2_PLACEMENT_3D('',#4050,#3243,#3244);
#2680=AXIS2_PLACEMENT_3D('',#4057,#3245,#3246);
#2681=AXIS2_PLACEMENT_3D('',#4062,#3247,#3248);
#2682=AXIS2_PLACEMENT_3D('',#4074,#3252,#3253);
#2683=AXIS2_PLACEMENT_3D('',#4078,#3255,#3256);
#2684=AXIS2_PLACEMENT_3D('',#4079,#3257,#3258);
#2685=AXIS2_PLACEMENT_3D('',#4080,#3259,#3260);
#2686=AXIS2_PLACEMENT_3D('',#4084,#3263,#3264);
#2687=AXIS2_PLACEMENT_3D('',#4089,#3268,#3269);
#2688=AXIS2_PLACEMENT_3D('',#4095,#3273,#3274);
#2689=AXIS2_PLACEMENT_3D('',#4098,#3276,#3277);
#2690=AXIS2_PLACEMENT_3D('',#4099,#3278,#3279);
#2691=AXIS2_PLACEMENT_3D('',#4103,#3282,#3283);
#2692=AXIS2_PLACEMENT_3D('',#4106,#3285,#3286);
#2693=AXIS2_PLACEMENT_3D('',#4107,#3287,#3288);
#2694=AXIS2_PLACEMENT_3D('',#4111,#3291,#3292);
#2695=AXIS2_PLACEMENT_3D('',#4114,#3294,#3295);
#2696=AXIS2_PLACEMENT_3D('',#4115,#3296,#3297);
#2697=AXIS2_PLACEMENT_3D('',#4117,#3298,#3299);
#2698=AXIS2_PLACEMENT_3D('',#4119,#3301,#3302);
#2699=AXIS2_PLACEMENT_3D('',#4121,#3304,#3305);
#2700=AXIS2_PLACEMENT_3D('',#4126,#3307,#3308);
#2701=AXIS2_PLACEMENT_3D('',#4130,#3310,#3311);
#2702=AXIS2_PLACEMENT_3D('',#4134,#3313,#3314);
#2703=AXIS2_PLACEMENT_3D('',#4137,#3316,#3317);
#2704=AXIS2_PLACEMENT_3D('',#4139,#3318,#3319);
#2705=AXIS2_PLACEMENT_3D('',#4144,#3321,#3322);
#2706=AXIS2_PLACEMENT_3D('',#4148,#3324,#3325);
#2707=AXIS2_PLACEMENT_3D('',#4152,#3327,#3328);
#2708=AXIS2_PLACEMENT_3D('',#4155,#3330,#3331);
#2709=AXIS2_PLACEMENT_3D('',#4156,#3332,#3333);
#2710=AXIS2_PLACEMENT_3D('',#4205,#3335,#3336);
#2711=AXIS2_PLACEMENT_3D('',#4209,#3338,#3339);
#2712=AXIS2_PLACEMENT_3D('',#4213,#3341,#3342);
#2713=AXIS2_PLACEMENT_3D('',#4216,#3344,#3345);
#2714=AXIS2_PLACEMENT_3D('',#4217,#3346,#3347);
#2715=AXIS2_PLACEMENT_3D('',#4221,#3349,#3350);
#2716=AXIS2_PLACEMENT_3D('',#4223,#3352,#3353);
#2717=AXIS2_PLACEMENT_3D('',#4229,#3357,#3358);
#2718=AXIS2_PLACEMENT_3D('',#4237,#3363,#3364);
#2719=AXIS2_PLACEMENT_3D('',#4240,#3366,#3367);
#2720=AXIS2_PLACEMENT_3D('',#4241,#3368,#3369);
#2721=AXIS2_PLACEMENT_3D('',#4243,#3371,#3372);
#2722=AXIS2_PLACEMENT_3D('',#4244,#3373,#3374);
#2723=AXIS2_PLACEMENT_3D('',#4246,#3375,#3376);
#2724=AXIS2_PLACEMENT_3D('',#4249,#3378,#3379);
#2725=AXIS2_PLACEMENT_3D('',#4250,#3380,#3381);
#2726=AXIS2_PLACEMENT_3D('',#4251,#3382,#3383);
#2727=AXIS2_PLACEMENT_3D('',#4257,#3387,#3388);
#2728=AXIS2_PLACEMENT_3D('',#4261,#3391,#3392);
#2729=AXIS2_PLACEMENT_3D('',#4267,#3396,#3397);
#2730=AXIS2_PLACEMENT_3D('',#4271,#3400,#3401);
#2731=AXIS2_PLACEMENT_3D('',#4274,#3403,#3404);
#2732=AXIS2_PLACEMENT_3D('',#4275,#3405,#3406);
#2733=AXIS2_PLACEMENT_3D('',#4278,#3408,#3409);
#2734=AXIS2_PLACEMENT_3D('',#4279,#3410,#3411);
#2735=AXIS2_PLACEMENT_3D('',#4282,#3413,#3414);
#2736=AXIS2_PLACEMENT_3D('',#4283,#3415,#3416);
#2737=AXIS2_PLACEMENT_3D('',#4287,#3419,#3420);
#2738=AXIS2_PLACEMENT_3D('',#4288,#3421,#3422);
#2739=AXIS2_PLACEMENT_3D('',#4289,#3423,#3424);
#2740=AXIS2_PLACEMENT_3D('',#4293,#3426,#3427);
#2741=AXIS2_PLACEMENT_3D('',#4295,#3428,#3429);
#2742=AXIS2_PLACEMENT_3D('',#4297,#3430,#3431);
#2743=AXIS2_PLACEMENT_3D('',#4301,#3433,#3434);
#2744=AXIS2_PLACEMENT_3D('',#4331,#3436,#3437);
#2745=AXIS2_PLACEMENT_3D('',#4333,#3439,#3440);
#2746=AXIS2_PLACEMENT_3D('',#4335,#3442,#3443);
#2747=AXIS2_PLACEMENT_3D('',#4336,#3444,#3445);
#2748=AXIS2_PLACEMENT_3D('',#4338,#3447,#3448);
#2749=AXIS2_PLACEMENT_3D('',#4340,#3450,#3451);
#2750=AXIS2_PLACEMENT_3D('',#4342,#3453,#3454);
#2751=AXIS2_PLACEMENT_3D('',#4344,#3456,#3457);
#2752=AXIS2_PLACEMENT_3D('',#4346,#3459,#3460);
#2753=AXIS2_PLACEMENT_3D('',#4348,#3462,#3463);
#2754=AXIS2_PLACEMENT_3D('',#4349,#3464,#3465);
#2755=AXIS2_PLACEMENT_3D('',#4351,#3466,#3467);
#2756=AXIS2_PLACEMENT_3D('',#4353,#3469,#3470);
#2757=AXIS2_PLACEMENT_3D('',#4403,#3472,#3473);
#2758=AXIS2_PLACEMENT_3D('',#4404,#3474,#3475);
#2759=AXIS2_PLACEMENT_3D('',#4405,#3476,#3477);
#2760=AXIS2_PLACEMENT_3D('',#4406,#3478,#3479);
#2761=AXIS2_PLACEMENT_3D('',#4407,#3480,#3481);
#2762=AXIS2_PLACEMENT_3D('',#4408,#3482,#3483);
#2763=AXIS2_PLACEMENT_3D('',#4409,#3484,#3485);
#2764=AXIS2_PLACEMENT_3D('',#4410,#3486,#3487);
#2765=AXIS2_PLACEMENT_3D('',#4411,#3488,#3489);
#2766=AXIS2_PLACEMENT_3D('',#4412,#3490,#3491);
#2767=AXIS2_PLACEMENT_3D('',#4413,#3492,#3493);
#2768=AXIS2_PLACEMENT_3D('',#4414,#3494,#3495);
#2769=AXIS2_PLACEMENT_3D('',#4415,#3496,#3497);
#2770=AXIS2_PLACEMENT_3D('',#4416,#3498,#3499);
#2771=AXIS2_PLACEMENT_3D('',#4417,#3500,#3501);
#2772=AXIS2_PLACEMENT_3D('',#4418,#3502,#3503);
#2773=AXIS2_PLACEMENT_3D('',#4419,#3504,#3505);
#2774=AXIS2_PLACEMENT_3D('',#4422,#3508,#3509);
#2775=AXIS2_PLACEMENT_3D('',#4424,#3511,#3512);
#2776=AXIS2_PLACEMENT_3D('',#4426,#3514,#3515);
#2777=AXIS2_PLACEMENT_3D('',#4428,#3517,#3518);
#2778=AXIS2_PLACEMENT_3D('',#4430,#3520,#3521);
#2779=AXIS2_PLACEMENT_3D('',#4432,#3523,#3524);
#2780=AXIS2_PLACEMENT_3D('',#4434,#3526,#3527);
#2781=AXIS2_PLACEMENT_3D('',#4435,#3528,#3529);
#2782=AXIS2_PLACEMENT_3D('',#4436,#3530,#3531);
#2783=DIRECTION('axis',(0.,0.,1.));
#2784=DIRECTION('refdir',(1.,0.,0.));
#2785=DIRECTION('axis',(0.,0.,1.));
#2786=DIRECTION('refdir',(1.,0.,0.));
#2787=DIRECTION('center_axis',(2.11379789924E-16,-1.,0.));
#2788=DIRECTION('ref_axis',(1.,2.11379789924E-16,0.));
#2789=DIRECTION('',(0.,0.,-1.));
#2790=DIRECTION('center_axis',(2.11379789924E-16,-1.,0.));
#2791=DIRECTION('ref_axis',(1.,2.11379789924E-16,0.));
#2792=DIRECTION('',(1.,2.11379789924E-16,0.));
#2793=DIRECTION('center_axis',(2.11379789924E-16,-1.,0.));
#2794=DIRECTION('ref_axis',(1.,2.11379789924E-16,0.));
#2795=DIRECTION('',(0.,0.,-1.));
#2796=DIRECTION('center_axis',(2.11379789924E-16,-1.,0.));
#2797=DIRECTION('ref_axis',(1.,2.11379789924E-16,0.));
#2798=DIRECTION('',(-1.,-2.11379789924E-16,0.));
#2799=DIRECTION('center_axis',(2.11379789924E-16,-1.,0.));
#2800=DIRECTION('ref_axis',(1.,2.11379789924E-16,0.));
#2801=DIRECTION('',(0.,0.,1.));
#2802=DIRECTION('',(-1.,-2.11379789924E-16,0.));
#2803=DIRECTION('',(0.,0.,1.));
#2804=DIRECTION('',(-1.,-2.11379789924E-16,0.));
#2805=DIRECTION('center_axis',(0.,1.,0.));
#2806=DIRECTION('ref_axis',(-1.,0.,0.));
#2807=DIRECTION('',(0.,0.,-1.));
#2808=DIRECTION('',(1.,0.,0.));
#2809=DIRECTION('',(0.,0.,1.));
#2810=DIRECTION('',(-1.,0.,-2.40933816107891E-16));
#2811=DIRECTION('',(0.,0.,1.));
#2812=DIRECTION('center_axis',(0.,1.,0.));
#2813=DIRECTION('ref_axis',(0.,0.,1.));
#2814=DIRECTION('',(-1.,0.,0.));
#2815=DIRECTION('',(0.,0.,-1.));
#2816=DIRECTION('',(1.,0.,0.));
#2817=DIRECTION('',(0.,0.,-1.));
#2818=DIRECTION('',(-1.,0.,0.));
#2819=DIRECTION('center_axis',(0.,1.,0.));
#2820=DIRECTION('ref_axis',(0.,0.,1.));
#2821=DIRECTION('center_axis',(0.,1.,0.));
#2822=DIRECTION('ref_axis',(0.,0.,1.));
#2823=DIRECTION('center_axis',(0.,1.,0.));
#2824=DIRECTION('ref_axis',(0.,0.,1.));
#2825=DIRECTION('',(0.,0.,1.));
#2826=DIRECTION('',(1.,0.,-2.40933816107891E-16));
#2827=DIRECTION('',(0.,0.,1.));
#2828=DIRECTION('',(-1.,0.,0.));
#2829=DIRECTION('',(0.,0.,-1.));
#2830=DIRECTION('center_axis',(0.,1.,0.));
#2831=DIRECTION('ref_axis',(0.,0.,1.));
#2832=DIRECTION('',(-1.,0.,-1.56991930002254E-16));
#2833=DIRECTION('center_axis',(0.,1.,0.));
#2834=DIRECTION('ref_axis',(0.,0.,1.));
#2835=DIRECTION('center_axis',(-2.40933816107891E-16,1.08667722864042E-32,
1.));
#2836=DIRECTION('ref_axis',(1.,-1.12108295204501E-64,2.40933816107891E-16));
#2837=DIRECTION('',(-1.,4.510272763678E-17,-2.40933816107891E-16));
#2838=DIRECTION('',(-0.707106781186547,0.707106781186548,-1.70365935187042E-16));
#2839=DIRECTION('',(-4.510272763678E-17,-1.,0.));
#2840=DIRECTION('center_axis',(-2.40933816107891E-16,1.08667722864042E-32,
1.));
#2841=DIRECTION('ref_axis',(1.,-1.12108295204501E-64,2.40933816107891E-16));
#2842=DIRECTION('',(-4.510272763678E-17,-1.,0.));
#2843=DIRECTION('center_axis',(1.,-4.510272763678E-17,0.));
#2844=DIRECTION('ref_axis',(4.510272763678E-17,1.,0.));
#2845=DIRECTION('',(-4.510272763678E-17,-1.,0.));
#2846=DIRECTION('',(0.,0.,1.));
#2847=DIRECTION('center_axis',(0.,0.,-1.));
#2848=DIRECTION('ref_axis',(-1.,0.,0.));
#2849=DIRECTION('center_axis',(0.,0.,-1.));
#2850=DIRECTION('ref_axis',(-1.,0.,0.));
#2851=DIRECTION('',(-4.510272763678E-17,-1.,0.));
#2852=DIRECTION('',(-0.707106781186547,0.707106781186548,0.));
#2853=DIRECTION('',(1.,-4.510272763678E-17,0.));
#2854=DIRECTION('center_axis',(-1.,4.510272763678E-17,0.));
#2855=DIRECTION('ref_axis',(-4.510272763678E-17,-1.,0.));
#2856=DIRECTION('',(0.,0.,-1.));
#2857=DIRECTION('',(-4.510272763678E-17,-1.,0.));
#2858=DIRECTION('',(0.,0.,1.));
#2859=DIRECTION('center_axis',(-4.510272763678E-17,-1.,0.));
#2860=DIRECTION('ref_axis',(1.,-4.510272763678E-17,0.));
#2861=DIRECTION('center_axis',(0.,1.,0.));
#2862=DIRECTION('ref_axis',(0.,0.,1.));
#2863=DIRECTION('',(-4.510272763678E-17,-1.,0.));
#2864=DIRECTION('center_axis',(0.,-1.,0.));
#2865=DIRECTION('ref_axis',(0.,0.,-1.));
#2866=DIRECTION('center_axis',(-1.56991930002254E-16,7.0807642600641E-33,
1.));
#2867=DIRECTION('ref_axis',(1.,5.70124604189861E-65,1.56991930002254E-16));
#2868=DIRECTION('',(-1.,0.,-1.56991930002254E-16));
#2869=DIRECTION('',(-4.510272763678E-17,-1.,0.));
#2870=DIRECTION('',(1.,-4.510272763678E-17,1.56991930002254E-16));
#2871=DIRECTION('center_axis',(0.,0.,-1.));
#2872=DIRECTION('ref_axis',(-1.,0.,0.));
#2873=DIRECTION('',(-4.510272763678E-17,-1.,0.));
#2874=DIRECTION('',(-1.,-2.11379789924E-16,0.));
#2875=DIRECTION('',(-4.510272763678E-17,-1.,0.));
#2876=DIRECTION('',(1.,-4.510272763678E-17,0.));
#2877=DIRECTION('center_axis',(-4.510272763678E-17,-1.,0.));
#2878=DIRECTION('ref_axis',(1.,-4.510272763678E-17,0.));
#2879=DIRECTION('center_axis',(2.11379789924E-16,-1.,0.));
#2880=DIRECTION('ref_axis',(1.,2.11379789924E-16,0.));
#2881=DIRECTION('',(-4.510272763678E-17,-1.,0.));
#2882=DIRECTION('center_axis',(-4.510272763678E-17,-1.,0.));
#2883=DIRECTION('ref_axis',(1.,-4.510272763678E-17,0.));
#2884=DIRECTION('center_axis',(1.,-4.510272763678E-17,0.));
#2885=DIRECTION('ref_axis',(4.510272763678E-17,1.,0.));
#2886=DIRECTION('',(0.,0.,-1.));
#2887=DIRECTION('',(-4.510272763678E-17,-1.,0.));
#2888=DIRECTION('',(0.,0.,1.));
#2889=DIRECTION('center_axis',(-4.510272763678E-17,-1.,0.));
#2890=DIRECTION('ref_axis',(1.,-4.510272763678E-17,0.));
#2891=DIRECTION('center_axis',(2.11379789924E-16,-1.,0.));
#2892=DIRECTION('ref_axis',(1.,2.11379789924E-16,0.));
#2893=DIRECTION('',(-4.510272763678E-17,-1.,0.));
#2894=DIRECTION('center_axis',(-4.510272763678E-17,-1.,0.));
#2895=DIRECTION('ref_axis',(1.,-4.510272763678E-17,0.));
#2896=DIRECTION('center_axis',(0.,0.,1.));
#2897=DIRECTION('ref_axis',(1.,0.,0.));
#2898=DIRECTION('',(1.,2.11379789924E-16,0.));
#2899=DIRECTION('',(-4.510272763678E-17,-1.,0.));
#2900=DIRECTION('',(-1.,4.510272763678E-17,0.));
#2901=DIRECTION('center_axis',(0.,0.,1.));
#2902=DIRECTION('ref_axis',(1.,0.,0.));
#2903=DIRECTION('',(-4.510272763678E-17,-1.,0.));
#2904=DIRECTION('',(-1.,0.,0.));
#2905=DIRECTION('',(-4.510272763678E-17,-1.,0.));
#2906=DIRECTION('',(-1.,4.510272763678E-17,0.));
#2907=DIRECTION('center_axis',(-4.510272763678E-17,-1.,0.));
#2908=DIRECTION('ref_axis',(1.,-4.510272763678E-17,0.));
#2909=DIRECTION('center_axis',(0.,1.,0.));
#2910=DIRECTION('ref_axis',(0.,0.,1.));
#2911=DIRECTION('',(-4.510272763678E-17,-1.,0.));
#2912=DIRECTION('center_axis',(0.,-1.,0.));
#2913=DIRECTION('ref_axis',(0.,0.,-1.));
#2914=DIRECTION('center_axis',(1.,-4.510272763678E-17,0.));
#2915=DIRECTION('ref_axis',(4.510272763678E-17,1.,0.));
#2916=DIRECTION('',(0.,0.,1.));
#2917=DIRECTION('',(0.,0.,1.));
#2918=DIRECTION('center_axis',(-4.510272763678E-17,-1.,0.));
#2919=DIRECTION('ref_axis',(1.,-4.510272763678E-17,0.));
#2920=DIRECTION('center_axis',(-4.510272763678E-17,-1.,0.));
#2921=DIRECTION('ref_axis',(1.,-4.510272763678E-17,0.));
#2922=DIRECTION('center_axis',(-4.510272763678E-17,-1.,0.));
#2923=DIRECTION('ref_axis',(1.,-4.510272763678E-17,0.));
#2924=DIRECTION('',(0.,0.,1.));
#2925=DIRECTION('center_axis',(-4.510272763678E-17,-1.,0.));
#2926=DIRECTION('ref_axis',(1.,-4.510272763678E-17,0.));
#2927=DIRECTION('center_axis',(-4.510272763678E-17,-1.,0.));
#2928=DIRECTION('ref_axis',(1.,-4.510272763678E-17,0.));
#2929=DIRECTION('',(0.,0.,1.));
#2930=DIRECTION('',(-1.,4.510272763678E-17,0.));
#2931=DIRECTION('',(0.,0.,1.));
#2932=DIRECTION('',(1.,-4.510272763678E-17,-2.40933816107891E-16));
#2933=DIRECTION('',(0.,0.,1.));
#2934=DIRECTION('center_axis',(-4.510272763678E-17,-1.,0.));
#2935=DIRECTION('ref_axis',(1.,-4.510272763678E-17,0.));
#2936=DIRECTION('center_axis',(-4.510272763678E-17,-1.,0.));
#2937=DIRECTION('ref_axis',(1.,-4.510272763678E-17,0.));
#2938=DIRECTION('center_axis',(-4.510272763678E-17,-1.,0.));
#2939=DIRECTION('ref_axis',(1.,-4.510272763678E-17,0.));
#2940=DIRECTION('',(1.,-4.510272763678E-17,0.));
#2941=DIRECTION('center_axis',(-4.510272763678E-17,-1.,0.));
#2942=DIRECTION('ref_axis',(1.,-4.510272763678E-17,0.));
#2943=DIRECTION('',(0.,0.,-1.));
#2944=DIRECTION('',(0.,0.,-1.));
#2945=DIRECTION('center_axis',(-4.510272763678E-17,-1.,0.));
#2946=DIRECTION('ref_axis',(1.,-4.510272763678E-17,0.));
#2947=DIRECTION('',(-1.,4.510272763678E-17,-1.56991930002254E-16));
#2948=DIRECTION('center_axis',(2.40933816107891E-16,-1.08667722864042E-32,
1.));
#2949=DIRECTION('ref_axis',(-1.,9.020545527356E-17,2.40933816107891E-16));
#2950=DIRECTION('center_axis',(2.40933816107891E-16,-1.08667722864042E-32,
1.));
#2951=DIRECTION('ref_axis',(1.,-1.12108295204501E-64,-2.40933816107891E-16));
#2952=DIRECTION('',(-4.510272763678E-17,-1.,0.));
#2953=DIRECTION('',(-0.707106781186548,-0.707106781186548,1.70365935187042E-16));
#2954=DIRECTION('',(-4.510272763678E-17,-1.,0.));
#2955=DIRECTION('center_axis',(-1.,4.510272763678E-17,0.));
#2956=DIRECTION('ref_axis',(4.510272763678E-17,1.,0.));
#2957=DIRECTION('',(-4.510272763678E-17,-1.,0.));
#2958=DIRECTION('center_axis',(0.,0.,-1.));
#2959=DIRECTION('ref_axis',(1.,-9.020545527356E-17,0.));
#2960=DIRECTION('',(-0.707106781186548,-0.707106781186548,0.));
#2961=DIRECTION('',(-4.510272763678E-17,-1.,0.));
#2962=DIRECTION('center_axis',(0.,0.,-1.));
#2963=DIRECTION('ref_axis',(-1.,0.,0.));
#2964=DIRECTION('center_axis',(1.,-4.510272763678E-17,0.));
#2965=DIRECTION('ref_axis',(-4.510272763678E-17,-1.,0.));
#2966=DIRECTION('',(-4.510272763678E-17,-1.,0.));
#2967=DIRECTION('',(0.,0.,-1.));
#2968=DIRECTION('',(0.,0.,-1.));
#2969=DIRECTION('center_axis',(-4.510272763678E-17,-1.,0.));
#2970=DIRECTION('ref_axis',(-1.,4.510272763678E-17,0.));
#2971=DIRECTION('center_axis',(0.,1.,0.));
#2972=DIRECTION('ref_axis',(0.,0.,1.));
#2973=DIRECTION('center_axis',(0.,-1.,0.));
#2974=DIRECTION('ref_axis',(0.,0.,-1.));
#2975=DIRECTION('center_axis',(-4.510272763678E-17,-1.,0.));
#2976=DIRECTION('ref_axis',(-1.,4.510272763678E-17,0.));
#2977=DIRECTION('',(-4.510272763678E-17,-1.,0.));
#2978=DIRECTION('center_axis',(2.11379789924E-16,-1.,0.));
#2979=DIRECTION('ref_axis',(1.,2.11379789924E-16,0.));
#2980=DIRECTION('center_axis',(-1.,4.510272763678E-17,0.));
#2981=DIRECTION('ref_axis',(4.510272763678E-17,1.,0.));
#2982=DIRECTION('',(-4.510272763678E-17,-1.,0.));
#2983=DIRECTION('',(0.,0.,-1.));
#2984=DIRECTION('center_axis',(-4.510272763678E-17,-1.,0.));
#2985=DIRECTION('ref_axis',(-1.,4.510272763678E-17,0.));
#2986=DIRECTION('center_axis',(2.11379789924E-16,-1.,0.));
#2987=DIRECTION('ref_axis',(1.,2.11379789924E-16,0.));
#2988=DIRECTION('center_axis',(-1.,4.510272763678E-17,0.));
#2989=DIRECTION('ref_axis',(4.510272763678E-17,1.,0.));
#2990=DIRECTION('',(0.,0.,1.));
#2991=DIRECTION('',(-4.510272763678E-17,-1.,0.));
#2992=DIRECTION('',(0.,0.,-1.));
#2993=DIRECTION('center_axis',(-4.510272763678E-17,-1.,0.));
#2994=DIRECTION('ref_axis',(1.,-4.510272763678E-17,0.));
#2995=DIRECTION('',(-4.510272763678E-17,-1.,0.));
#2996=DIRECTION('center_axis',(0.,1.,0.));
#2997=DIRECTION('ref_axis',(0.,0.,1.));
#2998=DIRECTION('',(-4.510272763678E-17,-1.,0.));
#2999=DIRECTION('center_axis',(0.,-1.,0.));
#3000=DIRECTION('ref_axis',(0.,0.,-1.));
#3001=DIRECTION('center_axis',(-4.510272763678E-17,-1.,0.));
#3002=DIRECTION('ref_axis',(1.,-4.510272763678E-17,0.));
#3003=DIRECTION('center_axis',(0.,1.,0.));
#3004=DIRECTION('ref_axis',(0.,0.,1.));
#3005=DIRECTION('',(-4.510272763678E-17,-1.,0.));
#3006=DIRECTION('center_axis',(0.,1.,0.));
#3007=DIRECTION('ref_axis',(-1.,0.,0.));
#3008=DIRECTION('center_axis',(-4.510272763678E-17,-1.,0.));
#3009=DIRECTION('ref_axis',(1.,-4.510272763678E-17,0.));
#3010=DIRECTION('center_axis',(0.,1.,0.));
#3011=DIRECTION('ref_axis',(0.,0.,1.));
#3012=DIRECTION('center_axis',(0.,-1.,0.));
#3013=DIRECTION('ref_axis',(0.,0.,-1.));
#3014=DIRECTION('center_axis',(-4.510272763678E-17,-1.,0.));
#3015=DIRECTION('ref_axis',(-0.818065259762795,3.6896974600193E-17,0.575125404385192));
#3016=DIRECTION('center_axis',(0.,1.,0.));
#3017=DIRECTION('ref_axis',(0.,0.,1.));
#3018=DIRECTION('center_axis',(-1.73472347597678E-15,-1.,0.));
#3019=DIRECTION('ref_axis',(1.,-1.73472347597678E-15,0.));
#3020=DIRECTION('center_axis',(0.707106781186548,0.707106781186547,0.));
#3021=DIRECTION('ref_axis',(0.,0.,-1.));
#3022=DIRECTION('',(-0.707106781186548,0.707106781186547,7.66646708341687E-17));
#3023=DIRECTION('center_axis',(0.,-1.,0.));
#3024=DIRECTION('ref_axis',(0.,0.,-1.));
#3025=DIRECTION('',(0.,0.707106781186546,0.707106781186549));
#3026=DIRECTION('center_axis',(1.42902502858135E-16,0.707106781186548,-0.707106781186547));
#3027=DIRECTION('ref_axis',(-1.,4.51027276367803E-17,-1.56991930002254E-16));
#3028=DIRECTION('',(-1.2266347333467E-15,0.707106781186547,0.707106781186548));
#3029=DIRECTION('center_axis',(0.,-1.,0.));
#3030=DIRECTION('ref_axis',(0.,0.,-1.));
#3031=DIRECTION('',(0.707106781186548,0.707106781186548,0.));
#3032=DIRECTION('center_axis',(-0.707106781186548,0.707106781186548,0.));
#3033=DIRECTION('ref_axis',(0.,0.,-1.));
#3034=DIRECTION('center_axis',(-0.707106781186548,-0.707106781186547,0.));
#3035=DIRECTION('ref_axis',(0.,0.,-1.));
#3036=DIRECTION('',(0.707106781186548,-0.707106781186547,0.));
#3037=DIRECTION('center_axis',(0.,-1.,0.));
#3038=DIRECTION('ref_axis',(0.,0.,-1.));
#3039=DIRECTION('',(0.,-0.707106781186548,0.707106781186547));
#3040=DIRECTION('center_axis',(-3.1892444561977E-17,-0.707106781186547,
-0.707106781186548));
#3041=DIRECTION('ref_axis',(1.,-4.510272763678E-17,1.74741214085443E-32));
#3042=DIRECTION('',(0.,-0.707106781186548,0.707106781186548));
#3043=DIRECTION('center_axis',(-1.73472347597678E-15,-1.,0.));
#3044=DIRECTION('ref_axis',(-0.818065259762795,1.41911701099156E-15,0.575125404385193));
#3045=DIRECTION('',(-0.665373499240176,-0.707106781186553,-0.239328449016984));
#3046=DIRECTION('center_axis',(0.,1.,0.));
#3047=DIRECTION('ref_axis',(0.76122409467274,0.,-0.648488918710002));
#3048=DIRECTION('',(0.130542790372903,-0.707106781186543,0.694952214099404));
#3049=DIRECTION('center_axis',(0.,-1.,0.));
#3050=DIRECTION('ref_axis',(-0.638507875982987,0.,0.769615288509587));
#3051=DIRECTION('',(-0.707106781186543,-0.707106781186552,0.));
#3052=DIRECTION('center_axis',(0.707106781186548,-0.707106781186548,0.));
#3053=DIRECTION('ref_axis',(0.,0.,-1.));
#3054=DIRECTION('center_axis',(2.11379789924E-16,-1.,0.));
#3055=DIRECTION('ref_axis',(1.,0.,0.));
#3056=DIRECTION('center_axis',(1.,2.11379789924E-16,-1.21734980770302E-15));
#3057=DIRECTION('ref_axis',(-1.21734980770302E-15,0.,-1.));
#3058=DIRECTION('center_axis',(0.,0.,1.));
#3059=DIRECTION('ref_axis',(1.,0.,0.));
#3060=DIRECTION('center_axis',(0.,0.,1.));
#3061=DIRECTION('ref_axis',(1.,0.,0.));
#3062=DIRECTION('center_axis',(0.,0.,1.));
#3063=DIRECTION('ref_axis',(1.,0.,0.));
#3064=DIRECTION('center_axis',(1.,2.11379789924E-16,0.));
#3065=DIRECTION('ref_axis',(-2.11379789924E-16,1.,0.));
#3066=DIRECTION('center_axis',(1.,2.11379789924E-16,0.));
#3067=DIRECTION('ref_axis',(-2.11379789924E-16,1.,0.));
#3068=DIRECTION('center_axis',(2.11379789924E-16,-1.,0.));
#3069=DIRECTION('ref_axis',(1.,0.,0.));
#3070=DIRECTION('center_axis',(-1.,-2.11379789924E-16,0.));
#3071=DIRECTION('ref_axis',(2.11379789924E-16,-1.,0.));
#3072=DIRECTION('center_axis',(2.11379789924E-16,-1.,0.));
#3073=DIRECTION('ref_axis',(1.,0.,0.));
#3074=DIRECTION('center_axis',(-1.59777162261022E-15,-3.37736629933877E-31,
-1.));
#3075=DIRECTION('ref_axis',(-1.,1.99594122464837E-62,1.59777162261022E-15));
#3076=DIRECTION('center_axis',(-1.,-2.11379789924E-16,0.));
#3077=DIRECTION('ref_axis',(2.11379789924E-16,-1.,0.));
#3078=DIRECTION('center_axis',(-1.,-2.11379789924E-16,-1.97819343751741E-15));
#3079=DIRECTION('ref_axis',(-1.97819343751741E-15,0.,1.));
#3080=DIRECTION('center_axis',(0.,0.,1.));
#3081=DIRECTION('ref_axis',(1.,0.,0.));
#3082=DIRECTION('center_axis',(0.,0.,1.));
#3083=DIRECTION('ref_axis',(1.,0.,0.));
#3084=DIRECTION('center_axis',(2.11379789924E-16,-1.,0.));
#3085=DIRECTION('ref_axis',(1.,0.,0.));
#3086=DIRECTION('center_axis',(-1.,-2.11379789924E-16,0.));
#3087=DIRECTION('ref_axis',(2.11379789924E-16,-1.,0.));
#3088=DIRECTION('',(-2.11379789924E-16,1.,0.));
#3089=DIRECTION('',(-2.11379789924E-16,1.,0.));
#3090=DIRECTION('center_axis',(-1.,-2.11379789924E-16,0.));
#3091=DIRECTION('ref_axis',(2.11379789924E-16,-1.,0.));
#3092=DIRECTION('center_axis',(0.,0.,-1.));
#3093=DIRECTION('ref_axis',(-1.,0.,0.));
#3094=DIRECTION('',(-2.11379789924E-16,1.,0.));
#3095=DIRECTION('center_axis',(0.,0.,-1.));
#3096=DIRECTION('ref_axis',(-1.,0.,0.));
#3097=DIRECTION('',(-2.11379789924E-16,1.,0.));
#3098=DIRECTION('',(1.,0.,0.));
#3099=DIRECTION('center_axis',(-1.,-2.11379789924E-16,0.));
#3100=DIRECTION('ref_axis',(2.11379789924E-16,-1.,0.));
#3101=DIRECTION('center_axis',(-1.,-2.11379789924E-16,0.));
#3102=DIRECTION('ref_axis',(2.11379789924E-16,-1.,0.));
#3103=DIRECTION('center_axis',(0.,0.,-1.));
#3104=DIRECTION('ref_axis',(-1.,0.,0.));
#3105=DIRECTION('center_axis',(0.,0.,1.));
#3106=DIRECTION('ref_axis',(1.,0.,0.));
#3107=DIRECTION('center_axis',(0.,1.,0.));
#3108=DIRECTION('ref_axis',(0.,0.,1.));
#3109=DIRECTION('center_axis',(-1.,0.,-1.73472347597681E-15));
#3110=DIRECTION('ref_axis',(-1.73472347597681E-15,0.,1.));
#3111=DIRECTION('center_axis',(-1.,0.,-1.56991930002254E-16));
#3112=DIRECTION('ref_axis',(-1.56991930002254E-16,0.,1.));
#3113=DIRECTION('center_axis',(-1.,0.,0.));
#3114=DIRECTION('ref_axis',(0.,0.,1.));
#3115=DIRECTION('center_axis',(0.,1.,0.));
#3116=DIRECTION('ref_axis',(0.,0.,1.));
#3117=DIRECTION('center_axis',(0.,0.,-1.));
#3118=DIRECTION('ref_axis',(-1.,0.,0.));
#3119=DIRECTION('center_axis',(0.,0.,-1.));
#3120=DIRECTION('ref_axis',(-1.,0.,0.));
#3121=DIRECTION('center_axis',(0.,0.,-1.));
#3122=DIRECTION('ref_axis',(-1.,0.,0.));
#3123=DIRECTION('center_axis',(0.,0.,-1.));
#3124=DIRECTION('ref_axis',(-1.,0.,0.));
#3125=DIRECTION('center_axis',(0.,1.,0.));
#3126=DIRECTION('ref_axis',(0.,0.,1.));
#3127=DIRECTION('center_axis',(1.,0.,0.));
#3128=DIRECTION('ref_axis',(0.,0.,-1.));
#3129=DIRECTION('center_axis',(1.,0.,0.));
#3130=DIRECTION('ref_axis',(0.,0.,-1.));
#3131=DIRECTION('center_axis',(1.,0.,0.));
#3132=DIRECTION('ref_axis',(0.,0.,-1.));
#3133=DIRECTION('center_axis',(-0.338461538461538,0.,0.94098022666911));
#3134=DIRECTION('ref_axis',(0.94098022666911,0.,0.338461538461538));
#3135=DIRECTION('center_axis',(0.,1.,0.));
#3136=DIRECTION('ref_axis',(0.761224094672742,0.,-0.648488918709999));
#3137=DIRECTION('center_axis',(0.982810846380581,0.,-0.184615384615385));
#3138=DIRECTION('ref_axis',(-0.184615384615385,0.,-0.982810846380581));
#3139=DIRECTION('center_axis',(0.,0.,1.));
#3140=DIRECTION('ref_axis',(1.,0.,0.));
#3141=DIRECTION('center_axis',(0.,0.,-1.));
#3142=DIRECTION('ref_axis',(-1.,0.,0.));
#3143=DIRECTION('axis',(0.,0.,1.));
#3144=DIRECTION('refdir',(1.,0.,0.));
#3145=DIRECTION('center_axis',(4.510272763678E-17,1.,0.));
#3146=DIRECTION('ref_axis',(-1.,4.510272763678E-17,0.));
#3147=DIRECTION('center_axis',(0.,-1.,0.));
#3148=DIRECTION('ref_axis',(0.,0.,-1.));
#3149=DIRECTION('',(4.510272763678E-17,1.,0.));
#3150=DIRECTION('center_axis',(-4.510272763678E-17,-1.,0.));
#3151=DIRECTION('ref_axis',(1.,-4.510272763678E-17,0.));
#3152=DIRECTION('center_axis',(0.,-1.,0.));
#3153=DIRECTION('ref_axis',(0.,0.,-1.));
#3154=DIRECTION('center_axis',(-4.510272763678E-17,-1.,0.));
#3155=DIRECTION('ref_axis',(1.,-4.510272763678E-17,0.));
#3156=DIRECTION('center_axis',(-4.510272763678E-17,-1.,0.));
#3157=DIRECTION('ref_axis',(1.,-4.510272763678E-17,0.));
#3158=DIRECTION('',(0.,0.,1.));
#3159=DIRECTION('center_axis',(-4.510272763678E-17,-1.,0.));
#3160=DIRECTION('ref_axis',(1.,-4.510272763678E-17,0.));
#3161=DIRECTION('',(-1.,4.510272763678E-17,0.));
#3162=DIRECTION('center_axis',(-4.510272763678E-17,-1.,0.));
#3163=DIRECTION('ref_axis',(1.,-4.510272763678E-17,0.));
#3164=DIRECTION('',(0.,0.,1.));
#3165=DIRECTION('center_axis',(-4.510272763678E-17,-1.,0.));
#3166=DIRECTION('ref_axis',(1.,-4.510272763678E-17,0.));
#3167=DIRECTION('',(1.,-4.510272763678E-17,0.));
#3168=DIRECTION('',(1.,-4.510272763678E-17,0.));
#3169=DIRECTION('',(-1.,4.510272763678E-17,0.));
#3170=DIRECTION('',(0.,0.,-1.));
#3171=DIRECTION('',(1.,-4.510272763678E-17,0.));
#3172=DIRECTION('',(0.,0.,1.));
#3173=DIRECTION('',(-1.,4.510272763678E-17,0.));
#3174=DIRECTION('',(0.,0.,1.));
#3175=DIRECTION('center_axis',(-4.510272763678E-17,-1.,0.));
#3176=DIRECTION('ref_axis',(-1.,4.510272763678E-17,0.));
#3177=DIRECTION('',(-1.,4.510272763678E-17,0.));
#3178=DIRECTION('center_axis',(4.510272763678E-17,1.,0.));
#3179=DIRECTION('ref_axis',(-1.,4.510272763678E-17,0.));
#3180=DIRECTION('center_axis',(-4.510272763678E-17,-1.,0.));
#3181=DIRECTION('ref_axis',(-1.,4.510272763678E-17,0.));
#3182=DIRECTION('center_axis',(4.510272763678E-17,1.,0.));
#3183=DIRECTION('ref_axis',(-1.,4.510272763678E-17,0.));
#3184=DIRECTION('',(0.,0.,1.));
#3185=DIRECTION('',(1.,-4.510272763678E-17,0.));
#3186=DIRECTION('',(0.,0.,-1.));
#3187=DIRECTION('',(1.,-4.510272763678E-17,0.));
#3188=DIRECTION('',(0.,0.,1.));
#3189=DIRECTION('',(-1.,4.510272763678E-17,-6.45358436003277E-17));
#3190=DIRECTION('',(1.,-4.510272763678E-17,-1.14126544472158E-16));
#3191=DIRECTION('center_axis',(4.510272763678E-17,1.,0.));
#3192=DIRECTION('ref_axis',(-1.,4.510272763678E-17,0.));
#3193=DIRECTION('',(-1.,4.510272763678E-17,-1.56991930002254E-16));
#3194=DIRECTION('center_axis',(-4.510272763678E-17,-1.,0.));
#3195=DIRECTION('ref_axis',(-1.,4.510272763678E-17,0.));
#3196=DIRECTION('center_axis',(1.,-4.510272763678E-17,0.));
#3197=DIRECTION('ref_axis',(4.510272763678E-17,1.,0.));
#3198=DIRECTION('',(0.,0.,-1.));
#3199=DIRECTION('',(4.510272763678E-17,1.,0.));
#3200=DIRECTION('',(4.510272763678E-17,1.,0.));
#3201=DIRECTION('center_axis',(0.,0.,-1.));
#3202=DIRECTION('ref_axis',(-1.,0.,0.));
#3203=DIRECTION('',(-0.069764950738306,-0.997563457454453,6.55802445176497E-14));
#3204=DIRECTION('',(-1.,4.510272763678E-17,0.));
#3205=DIRECTION('center_axis',(4.510272763678E-17,1.,0.));
#3206=DIRECTION('ref_axis',(-1.,4.510272763678E-17,0.));
#3207=DIRECTION('center_axis',(-4.510272763678E-17,-1.,0.));
#3208=DIRECTION('ref_axis',(1.,-4.510272763678E-17,0.));
#3209=DIRECTION('center_axis',(4.510272763678E-17,1.,0.));
#3210=DIRECTION('ref_axis',(-1.,4.510272763678E-17,0.));
#3211=DIRECTION('',(-5.59440631023538E-17,-0.997564050259824,0.0697564737441253));
#3212=DIRECTION('center_axis',(-1.53463298314972E-16,0.0697564737441253,
0.997564050259824));
#3213=DIRECTION('ref_axis',(5.59440631023538E-17,0.997564050259824,-0.0697564737441253));
#3214=DIRECTION('',(1.,-4.510272763678E-17,1.56991930002254E-16));
#3215=DIRECTION('',(1.,-4.510272763678E-17,1.56991930002254E-16));
#3216=DIRECTION('',(7.60153329461821E-17,-0.997564050259824,0.0697564737441253));
#3217=DIRECTION('center_axis',(4.510272763678E-17,1.,0.));
#3218=DIRECTION('ref_axis',(-1.,4.510272763678E-17,0.));
#3219=DIRECTION('center_axis',(4.510272763678E-17,1.,0.));
#3220=DIRECTION('ref_axis',(-1.,4.510272763678E-17,0.));
#3221=DIRECTION('center_axis',(-4.510272763678E-17,-1.,0.));
#3222=DIRECTION('ref_axis',(1.,-4.510272763678E-17,0.));
#3223=DIRECTION('center_axis',(6.45358436003277E-17,-2.91074257671541E-33,
-1.));
#3224=DIRECTION('ref_axis',(-1.,6.9914784600117E-66,-6.45358436003277E-17));
#3225=DIRECTION('',(-1.,4.510272763678E-17,-6.45358436003277E-17));
#3226=DIRECTION('',(-0.0697649507383223,0.997563457454452,-6.55969912603763E-14));
#3227=DIRECTION('',(4.510272763678E-17,1.,0.));
#3228=DIRECTION('center_axis',(-1.,4.510272763678E-17,0.));
#3229=DIRECTION('ref_axis',(-4.510272763678E-17,-1.,0.));
#3230=DIRECTION('',(0.,0.,1.));
#3231=DIRECTION('',(4.510272763678E-17,1.,0.));
#3232=DIRECTION('center_axis',(0.,0.,1.));
#3233=DIRECTION('ref_axis',(1.,0.,0.));
#3234=DIRECTION('',(1.,-4.510272763678E-17,0.));
#3235=DIRECTION('',(0.0697564737441253,-0.997564050259824,0.));
#3236=DIRECTION('center_axis',(0.997564050259824,0.0697564737441253,0.));
#3237=DIRECTION('ref_axis',(-0.0697564737441253,0.997564050259824,0.));
#3238=DIRECTION('',(0.,0.,-1.));
#3239=DIRECTION('',(0.,0.,-1.));
#3240=DIRECTION('',(-0.0697564737441253,0.997564050259824,0.));
#3241=DIRECTION('center_axis',(-4.510272763678E-17,-1.,0.));
#3242=DIRECTION('ref_axis',(0.755727203098107,-3.40853582090395E-17,-0.654886550860157));
#3243=DIRECTION('center_axis',(-4.510272763678E-17,-1.,0.));
#3244=DIRECTION('ref_axis',(1.,-4.510272763678E-17,0.));
#3245=DIRECTION('center_axis',(4.510272763678E-17,1.,0.));
#3246=DIRECTION('ref_axis',(-1.,4.510272763678E-17,0.));
#3247=DIRECTION('center_axis',(3.14620723618348E-18,0.0697564737441253,
-0.997564050259824));
#3248=DIRECTION('ref_axis',(4.49928596591119E-17,0.997564050259824,0.0697564737441253));
#3249=DIRECTION('',(-1.,4.510272763678E-17,0.));
#3250=DIRECTION('',(-1.,4.510272763678E-17,0.));
#3251=DIRECTION('',(-4.49928596591119E-17,-0.997564050259824,-0.0697564737441253));
#3252=DIRECTION('center_axis',(4.510272763678E-17,1.,0.));
#3253=DIRECTION('ref_axis',(-1.,4.510272763678E-17,0.));
#3254=DIRECTION('',(-0.0697564737441254,-0.997564050259824,0.));
#3255=DIRECTION('center_axis',(-4.510272763678E-17,-1.,0.));
#3256=DIRECTION('ref_axis',(1.,-4.510272763678E-17,0.));
#3257=DIRECTION('center_axis',(4.510272763678E-17,1.,0.));
#3258=DIRECTION('ref_axis',(-1.,4.510272763678E-17,0.));
#3259=DIRECTION('center_axis',(0.,0.,1.));
#3260=DIRECTION('ref_axis',(1.,0.,0.));
#3261=DIRECTION('',(1.,-4.510272763678E-17,0.));
#3262=DIRECTION('',(0.0697564737441253,0.997564050259824,0.));
#3263=DIRECTION('center_axis',(-0.997564050259824,0.0697564737441253,0.));
#3264=DIRECTION('ref_axis',(0.0697564737441253,0.997564050259824,0.));
#3265=DIRECTION('',(0.,0.,1.));
#3266=DIRECTION('',(0.,0.,1.));
#3267=DIRECTION('',(-0.0697564737441253,-0.997564050259824,0.));
#3268=DIRECTION('center_axis',(0.,0.,1.));
#3269=DIRECTION('ref_axis',(1.,0.,0.));
#3270=DIRECTION('',(4.510272763678E-17,1.,0.));
#3271=DIRECTION('',(1.,0.,0.));
#3272=DIRECTION('',(4.510272763678E-17,1.,0.));
#3273=DIRECTION('center_axis',(4.510272763678E-17,1.,0.));
#3274=DIRECTION('ref_axis',(-1.,4.510272763678E-17,0.));
#3275=DIRECTION('',(4.510272763678E-17,1.,0.));
#3276=DIRECTION('center_axis',(0.,-1.,-3.491481338843E-15));
#3277=DIRECTION('ref_axis',(0.,3.491481338843E-15,-1.));
#3278=DIRECTION('center_axis',(-1.,4.510272763678E-17,0.));
#3279=DIRECTION('ref_axis',(-4.510272763678E-17,-1.,0.));
#3280=DIRECTION('',(4.510272763678E-17,1.,0.));
#3281=DIRECTION('',(-1.57475331874736E-31,-3.491481338843E-15,1.));
#3282=DIRECTION('center_axis',(4.510272763678E-17,1.,0.));
#3283=DIRECTION('ref_axis',(-1.,4.510272763678E-17,0.));
#3284=DIRECTION('',(4.510272763678E-17,1.,0.));
#3285=DIRECTION('center_axis',(0.,-1.,-3.491481338843E-15));
#3286=DIRECTION('ref_axis',(0.,3.491481338843E-15,-1.));
#3287=DIRECTION('center_axis',(0.,0.,-1.));
#3288=DIRECTION('ref_axis',(-1.,0.,0.));
#3289=DIRECTION('',(4.510272763678E-17,1.,0.));
#3290=DIRECTION('',(-1.,0.,0.));
#3291=DIRECTION('center_axis',(4.510272763678E-17,1.,0.));
#3292=DIRECTION('ref_axis',(-1.,4.510272763678E-17,0.));
#3293=DIRECTION('',(4.510272763678E-17,1.,0.));
#3294=DIRECTION('center_axis',(0.,-1.,-3.491481338843E-15));
#3295=DIRECTION('ref_axis',(0.,3.491481338843E-15,-1.));
#3296=DIRECTION('center_axis',(4.510272763678E-17,1.,0.));
#3297=DIRECTION('ref_axis',(-1.,4.510272763678E-17,0.));
#3298=DIRECTION('center_axis',(0.,-1.,-3.491481338843E-15));
#3299=DIRECTION('ref_axis',(0.,3.491481338843E-15,-1.));
#3300=DIRECTION('',(4.510272763678E-17,1.,0.));
#3301=DIRECTION('center_axis',(-1.,4.510272763678E-17,0.));
#3302=DIRECTION('ref_axis',(-4.510272763678E-17,-1.,0.));
#3303=DIRECTION('',(-1.57475331874736E-31,-3.491481338843E-15,1.));
#3304=DIRECTION('center_axis',(0.,-1.,-3.491481338843E-15));
#3305=DIRECTION('ref_axis',(1.,0.,0.));
#3306=DIRECTION('',(-1.57475331874736E-31,-3.491481338843E-15,1.));
#3307=DIRECTION('center_axis',(0.,-1.,-3.491481338843E-15));
#3308=DIRECTION('ref_axis',(0.,3.491481338843E-15,-1.));
#3309=DIRECTION('',(-1.,0.,0.));
#3310=DIRECTION('center_axis',(0.,-1.,-3.491481338843E-15));
#3311=DIRECTION('ref_axis',(0.,3.491481338843E-15,-1.));
#3312=DIRECTION('',(-1.57475331874736E-31,-3.491481338843E-15,1.));
#3313=DIRECTION('center_axis',(0.,-1.,-3.491481338843E-15));
#3314=DIRECTION('ref_axis',(0.,3.491481338843E-15,-1.));
#3315=DIRECTION('',(1.,0.,0.));
#3316=DIRECTION('center_axis',(0.,-1.,-3.491481338843E-15));
#3317=DIRECTION('ref_axis',(0.,3.491481338843E-15,-1.));
#3318=DIRECTION('center_axis',(0.,-1.,-3.491481338843E-15));
#3319=DIRECTION('ref_axis',(0.,3.491481338843E-15,-1.));
#3320=DIRECTION('',(-1.,0.,0.));
#3321=DIRECTION('center_axis',(0.,-1.,-3.491481338843E-15));
#3322=DIRECTION('ref_axis',(0.,3.491481338843E-15,-1.));
#3323=DIRECTION('',(0.,-3.491481338843E-15,1.));
#3324=DIRECTION('center_axis',(0.,-1.,-3.491481338843E-15));
#3325=DIRECTION('ref_axis',(0.,3.491481338843E-15,-1.));
#3326=DIRECTION('',(-1.,0.,0.));
#3327=DIRECTION('center_axis',(0.,-1.,-3.491481338843E-15));
#3328=DIRECTION('ref_axis',(0.,3.491481338843E-15,-1.));
#3329=DIRECTION('',(0.,-3.491481338843E-15,1.));
#3330=DIRECTION('center_axis',(0.,-1.,-3.491481338843E-15));
#3331=DIRECTION('ref_axis',(0.,3.491481338843E-15,-1.));
#3332=DIRECTION('center_axis',(-4.510272763678E-17,-1.,0.));
#3333=DIRECTION('ref_axis',(-1.,4.510272763678E-17,0.));
#3334=DIRECTION('',(1.,-4.510272763678E-17,-1.57475331874736E-31));
#3335=DIRECTION('center_axis',(-4.510272763678E-17,-1.,0.));
#3336=DIRECTION('ref_axis',(1.,-4.510272763678E-17,0.));
#3337=DIRECTION('',(0.,0.,-1.));
#3338=DIRECTION('center_axis',(-4.510272763678E-17,-1.,0.));
#3339=DIRECTION('ref_axis',(1.,-4.510272763678E-17,0.));
#3340=DIRECTION('',(1.,-4.510272763678E-17,-1.57475331874736E-31));
#3341=DIRECTION('center_axis',(-4.510272763678E-17,-1.,0.));
#3342=DIRECTION('ref_axis',(1.,-4.510272763678E-17,0.));
#3343=DIRECTION('',(0.,0.,-1.));
#3344=DIRECTION('center_axis',(-4.510272763678E-17,-1.,0.));
#3345=DIRECTION('ref_axis',(1.,-4.510272763678E-17,0.));
#3346=DIRECTION('center_axis',(-4.510272763678E-17,-1.,0.));
#3347=DIRECTION('ref_axis',(1.,-4.510272763678E-17,0.));
#3348=DIRECTION('',(-4.510272763678E-17,-1.,0.));
#3349=DIRECTION('center_axis',(0.,1.,0.));
#3350=DIRECTION('ref_axis',(0.,0.,1.));
#3351=DIRECTION('',(-4.510272763678E-17,-1.,0.));
#3352=DIRECTION('center_axis',(-1.14126544472158E-16,5.14741845145462E-33,
-1.));
#3353=DIRECTION('ref_axis',(-1.,-1.36992667105513E-65,1.14126544472158E-16));
#3354=DIRECTION('',(-0.0697617181760896,0.997563683519563,4.7388669125783E-10));
#3355=DIRECTION('',(1.,-4.510272763678E-17,-1.14126544472158E-16));
#3356=DIRECTION('',(0.5,0.866025403784439,-5.70632722360792E-17));
#3357=DIRECTION('center_axis',(0.,0.,-1.));
#3358=DIRECTION('ref_axis',(-1.,0.,0.));
#3359=DIRECTION('',(1.,-4.510272763678E-17,0.));
#3360=DIRECTION('',(-0.0697617181760373,-0.997563683519567,-4.73892955657474E-10));
#3361=DIRECTION('',(-4.510272763678E-17,-1.,0.));
#3362=DIRECTION('',(0.5,-0.866025403784439,0.));
#3363=DIRECTION('center_axis',(-4.510272763678E-17,-1.,0.));
#3364=DIRECTION('ref_axis',(1.,-4.510272763678E-17,0.));
#3365=DIRECTION('',(-4.510272763678E-17,-1.,0.));
#3366=DIRECTION('center_axis',(0.,1.,0.));
#3367=DIRECTION('ref_axis',(0.,0.,1.));
#3368=DIRECTION('center_axis',(-1.56991930002254E-16,7.0807642600641E-33,
1.));
#3369=DIRECTION('ref_axis',(1.,5.70124604189861E-65,1.56991930002254E-16));
#3370=DIRECTION('',(1.,-4.510272763678E-17,1.56991930002254E-16));
#3371=DIRECTION('center_axis',(4.510272763678E-17,1.,0.));
#3372=DIRECTION('ref_axis',(-1.,4.510272763678E-17,0.));
#3373=DIRECTION('center_axis',(-5.88620950550522E-6,0.999999999982662,1.7147080797769E-7));
#3374=DIRECTION('ref_axis',(0.999891536603856,5.88809649526926E-6,-0.0147280342649835));
#3375=DIRECTION('center_axis',(4.510272763678E-17,1.,0.));
#3376=DIRECTION('ref_axis',(-1.,4.510272763678E-17,0.));
#3377=DIRECTION('',(-1.,4.510272763678E-17,-1.56991930002254E-16));
#3378=DIRECTION('center_axis',(4.510272763678E-17,1.,0.));
#3379=DIRECTION('ref_axis',(-1.,4.510272763678E-17,0.));
#3380=DIRECTION('center_axis',(5.88623189392527E-6,0.999999999982661,1.7147003390576E-7));
#3381=DIRECTION('ref_axis',(0.999891564776248,-5.88811870770898E-6,0.0147261215069132));
#3382=DIRECTION('center_axis',(1.,-4.510272763678E-17,0.));
#3383=DIRECTION('ref_axis',(4.510272763678E-17,1.,0.));
#3384=DIRECTION('',(-4.510272763678E-17,-1.,0.));
#3385=DIRECTION('',(0.,0.,1.));
#3386=DIRECTION('',(-4.510272763678E-17,-1.,0.));
#3387=DIRECTION('center_axis',(0.,0.,1.));
#3388=DIRECTION('ref_axis',(1.,0.,0.));
#3389=DIRECTION('',(-1.,4.510272763678E-17,0.));
#3390=DIRECTION('',(-0.5,0.866025403784438,0.));
#3391=DIRECTION('center_axis',(0.,0.,-1.));
#3392=DIRECTION('ref_axis',(-1.,0.,0.));
#3393=DIRECTION('',(-4.510272763678E-17,-1.,0.));
#3394=DIRECTION('',(0.5,0.866025403784439,0.));
#3395=DIRECTION('',(1.,-4.510272763678E-17,0.));
#3396=DIRECTION('center_axis',(1.,-4.510272763678E-17,0.));
#3397=DIRECTION('ref_axis',(4.510272763678E-17,1.,0.));
#3398=DIRECTION('',(-4.510272763678E-17,-1.,0.));
#3399=DIRECTION('',(0.,0.,-1.));
#3400=DIRECTION('center_axis',(-4.510272763678E-17,-1.,0.));
#3401=DIRECTION('ref_axis',(1.,-4.510272763678E-17,0.));
#3402=DIRECTION('',(-4.510272763678E-17,-1.,0.));
#3403=DIRECTION('center_axis',(0.,1.,0.));
#3404=DIRECTION('ref_axis',(0.,0.,1.));
#3405=DIRECTION('center_axis',(-4.510272763678E-17,-1.,0.));
#3406=DIRECTION('ref_axis',(1.,-4.510272763678E-17,0.));
#3407=DIRECTION('',(-4.510272763678E-17,-1.,0.));
#3408=DIRECTION('center_axis',(0.,1.,0.));
#3409=DIRECTION('ref_axis',(0.,0.,1.));
#3410=DIRECTION('center_axis',(-4.510272763678E-17,-1.,0.));
#3411=DIRECTION('ref_axis',(-0.818065259762795,3.6896974600193E-17,0.575125404385193));
#3412=DIRECTION('',(-4.510272763678E-17,-1.,0.));
#3413=DIRECTION('center_axis',(0.,1.,0.));
#3414=DIRECTION('ref_axis',(0.,0.,1.));
#3415=DIRECTION('center_axis',(0.,0.,1.));
#3416=DIRECTION('ref_axis',(1.,0.,0.));
#3417=DIRECTION('',(-4.510272763678E-17,-1.,0.));
#3418=DIRECTION('',(-1.,4.510272763678E-17,0.));
#3419=DIRECTION('center_axis',(-4.510272763678E-17,-1.,0.));
#3420=DIRECTION('ref_axis',(1.,-4.510272763678E-17,0.));
#3421=DIRECTION('center_axis',(0.,1.,0.));
#3422=DIRECTION('ref_axis',(0.,0.,1.));
#3423=DIRECTION('center_axis',(4.510272763678E-17,1.,0.));
#3424=DIRECTION('ref_axis',(-1.,4.510272763678E-17,0.));
#3425=DIRECTION('',(0.,0.,1.));
#3426=DIRECTION('center_axis',(4.510272763678E-17,1.,0.));
#3427=DIRECTION('ref_axis',(-1.,4.510272763678E-17,0.));
#3428=DIRECTION('center_axis',(4.510272763678E-17,1.,0.));
#3429=DIRECTION('ref_axis',(-1.,4.510272763678E-17,0.));
#3430=DIRECTION('center_axis',(4.510272763678E-17,1.,0.));
#3431=DIRECTION('ref_axis',(-1.,4.510272763678E-17,0.));
#3432=DIRECTION('',(1.,-4.510272763678E-17,0.));
#3433=DIRECTION('center_axis',(4.510272763678E-17,1.,0.));
#3434=DIRECTION('ref_axis',(-1.,4.510272763678E-17,0.));
#3435=DIRECTION('',(0.,0.,-1.));
#3436=DIRECTION('center_axis',(0.,-1.,0.));
#3437=DIRECTION('ref_axis',(0.,0.,-1.));
#3438=DIRECTION('',(0.,-0.866025403784439,-0.5));
#3439=DIRECTION('center_axis',(1.5851036338949E-16,0.5,-0.866025403784439));
#3440=DIRECTION('ref_axis',(1.,-4.51027276367798E-17,1.56991930002254E-16));
#3441=DIRECTION('',(1.50231459873716E-15,-0.866025403784438,-0.5));
#3442=DIRECTION('center_axis',(0.,-1.,0.));
#3443=DIRECTION('ref_axis',(0.,0.,-1.));
#3444=DIRECTION('center_axis',(-0.866025403784438,-0.5,0.));
#3445=DIRECTION('ref_axis',(0.,0.,1.));
#3446=DIRECTION('',(-0.5,0.866025403784438,0.));
#3447=DIRECTION('center_axis',(0.,-1.,0.));
#3448=DIRECTION('ref_axis',(0.,0.,-1.));
#3449=DIRECTION('',(0.,0.866025403784438,-0.500000000000001));
#3450=DIRECTION('center_axis',(-2.255136381839E-17,-0.5,-0.866025403784439));
#3451=DIRECTION('ref_axis',(-1.,4.510272763678E-17,1.25505520396286E-33));
#3452=DIRECTION('',(0.,0.866025403784439,-0.5));
#3453=DIRECTION('center_axis',(0.,-1.,0.));
#3454=DIRECTION('ref_axis',(0.,0.,-1.));
#3455=DIRECTION('',(0.470490113334555,0.866025403784439,0.169230769230767));
#3456=DIRECTION('center_axis',(0.,1.,0.));
#3457=DIRECTION('ref_axis',(0.76122409467274,0.,-0.648488918710001));
#3458=DIRECTION('',(-0.0923076923076931,0.866025403784438,-0.491405423190291));
#3459=DIRECTION('center_axis',(0.,-1.,0.));
#3460=DIRECTION('ref_axis',(-0.638507875982987,0.,0.769615288509587));
#3461=DIRECTION('',(0.5,0.866025403784439,0.));
#3462=DIRECTION('center_axis',(-0.866025403784439,0.5,0.));
#3463=DIRECTION('ref_axis',(0.,0.,-1.));
#3464=DIRECTION('center_axis',(0.,-1.,-3.491481338843E-15));
#3465=DIRECTION('ref_axis',(0.,3.491481338843E-15,-1.));
#3466=DIRECTION('center_axis',(0.,-1.,-3.491481338843E-15));
#3467=DIRECTION('ref_axis',(0.,3.491481338843E-15,-1.));
#3468=DIRECTION('',(0.,-1.,-3.491481338843E-15));
#3469=DIRECTION('center_axis',(0.,-1.,0.));
#3470=DIRECTION('ref_axis',(0.,0.,-1.));
#3471=DIRECTION('',(-8.65956056235494E-17,-0.707106781186547,0.707106781186548));
#3472=DIRECTION('center_axis',(0.,-1.,-3.491481338843E-15));
#3473=DIRECTION('ref_axis',(0.,3.4935403335644E-15,-1.));
#3474=DIRECTION('center_axis',(1.59016318631208E-15,-3.46944695195361E-15,
1.));
#3475=DIRECTION('ref_axis',(0.,-1.,-3.46944695195361E-15));
#3476=DIRECTION('center_axis',(1.,0.,0.));
#3477=DIRECTION('ref_axis',(0.,0.,-1.));
#3478=DIRECTION('center_axis',(-1.,0.,0.));
#3479=DIRECTION('ref_axis',(0.,0.,1.));
#3480=DIRECTION('center_axis',(1.,0.,0.));
#3481=DIRECTION('ref_axis',(0.,0.,-1.));
#3482=DIRECTION('center_axis',(-1.57475331874736E-31,-3.491481338843E-15,
1.));
#3483=DIRECTION('ref_axis',(0.,-1.,-3.491481338843E-15));
#3484=DIRECTION('center_axis',(0.,-3.46944695195361E-15,1.));
#3485=DIRECTION('ref_axis',(0.,-1.,-3.46944695195361E-15));
#3486=DIRECTION('center_axis',(0.,-1.,-3.491481338843E-15));
#3487=DIRECTION('ref_axis',(0.,3.4935403335644E-15,-1.));
#3488=DIRECTION('center_axis',(-1.20370621524202E-29,-3.46944695195361E-15,
1.));
#3489=DIRECTION('ref_axis',(0.,-1.,-3.46944695195361E-15));
#3490=DIRECTION('center_axis',(0.,-1.,-3.491481338843E-15));
#3491=DIRECTION('ref_axis',(0.,3.4935403335644E-15,-1.));
#3492=DIRECTION('center_axis',(1.,-8.02470810161348E-30,1.73472347597681E-15));
#3493=DIRECTION('ref_axis',(1.73472347597681E-15,0.,-1.));
#3494=DIRECTION('center_axis',(1.57475331874736E-31,3.491481338843E-15,
-1.));
#3495=DIRECTION('ref_axis',(0.,1.,3.491481338843E-15));
#3496=DIRECTION('center_axis',(0.,-3.46944695195361E-15,1.));
#3497=DIRECTION('ref_axis',(0.,-1.,-3.46944695195361E-15));
#3498=DIRECTION('center_axis',(1.,0.,0.));
#3499=DIRECTION('ref_axis',(0.,0.,-1.));
#3500=DIRECTION('center_axis',(1.,0.,0.));
#3501=DIRECTION('ref_axis',(0.,0.,-1.));
#3502=DIRECTION('center_axis',(0.,-1.,-3.491481338843E-15));
#3503=DIRECTION('ref_axis',(0.,3.4935403335644E-15,-1.));
#3504=DIRECTION('center_axis',(0.,-3.491481338843E-15,1.));
#3505=DIRECTION('ref_axis',(0.,-1.,-3.491481338843E-15));
#3506=DIRECTION('',(0.,-1.,-3.491481338843E-15));
#3507=DIRECTION('',(0.,-1.,-3.491481338843E-15));
#3508=DIRECTION('center_axis',(0.,-1.,-3.491481338843E-15));
#3509=DIRECTION('ref_axis',(0.,3.491481338843E-15,-1.));
#3510=DIRECTION('',(0.,-1.,-3.491481338843E-15));
#3511=DIRECTION('center_axis',(1.,0.,0.));
#3512=DIRECTION('ref_axis',(0.,0.,-1.));
#3513=DIRECTION('',(0.,-1.,-3.491481338843E-15));
#3514=DIRECTION('center_axis',(0.,-1.,-3.491481338843E-15));
#3515=DIRECTION('ref_axis',(0.,3.491481338843E-15,-1.));
#3516=DIRECTION('',(0.,-1.,-3.491481338843E-15));
#3517=DIRECTION('center_axis',(0.,-3.491481338843E-15,1.));
#3518=DIRECTION('ref_axis',(0.,-1.,-3.491481338843E-15));
#3519=DIRECTION('',(0.,-1.,-3.491481338843E-15));
#3520=DIRECTION('center_axis',(0.,-1.,-3.491481338843E-15));
#3521=DIRECTION('ref_axis',(0.,3.491481338843E-15,-1.));
#3522=DIRECTION('',(0.,-1.,-3.491481338843E-15));
#3523=DIRECTION('center_axis',(0.,-1.,-3.491481338843E-15));
#3524=DIRECTION('ref_axis',(0.,3.491481338843E-15,-1.));
#3525=DIRECTION('',(0.,-1.,-3.491481338843E-15));
#3526=DIRECTION('center_axis',(1.,0.,0.));
#3527=DIRECTION('ref_axis',(0.,0.,-1.));
#3528=DIRECTION('',(0.,0.,1.));
#3529=DIRECTION('',(1.,0.,0.));
#3530=DIRECTION('',(0.,0.,1.));
#3531=DIRECTION('',(1.,0.,0.));
#3532=CARTESIAN_POINT('',(0.,0.,0.));
#3533=CARTESIAN_POINT('',(0.,0.,0.));
#3534=CARTESIAN_POINT('Origin',(0.007180026642694,0.051541090918501,0.008564160446243));
#3535=CARTESIAN_POINT('',(-0.000637299974600002,0.051541090918501,-0.000435839553756004));
#3536=CARTESIAN_POINT('',(-0.0006372999746,0.051541090918501,0.007064160446243));
#3537=CARTESIAN_POINT('',(-0.0006372999746,0.051541090918501,0.007064160446243));
#3538=CARTESIAN_POINT('',(0.0022127000254,0.051541090918501,0.009914160446243));
#3539=CARTESIAN_POINT('Origin',(0.00221270002540001,0.051541090918501,0.007064160446243));
#3540=CARTESIAN_POINT('',(0.019787343154686,0.051541090918501,0.009914160446243));
#3541=CARTESIAN_POINT('',(0.019787343154686,0.051541090918501,0.009914160446243));
#3542=CARTESIAN_POINT('',(0.022637343154686,0.051541090918501,0.007064160446243));
#3543=CARTESIAN_POINT('Origin',(0.019787343154686,0.051541090918501,0.007064160446243));
#3544=CARTESIAN_POINT('',(0.022637343154686,0.051541090918501,-0.000435839553756003));
#3545=CARTESIAN_POINT('',(0.022637343154686,0.051541090918501,-0.000435839553756003));
#3546=CARTESIAN_POINT('',(0.019787343154686,0.051541090918501,-0.00328583955375601));
#3547=CARTESIAN_POINT('Origin',(0.019787343154686,0.051541090918501,-0.000435839553756008));
#3548=CARTESIAN_POINT('',(0.0022127000254,0.051541090918501,-0.00328583955375601));
#3549=CARTESIAN_POINT('',(0.0022127000254,0.051541090918501,-0.00328583955375601));
#3550=CARTESIAN_POINT('Origin',(0.0022127000254,0.051541090918501,-0.000435839553756008));
#3551=CARTESIAN_POINT('',(0.015550026642693,0.051541090918501,0.001264160446243));
#3552=CARTESIAN_POINT('',(0.015550026642693,0.051541090918501,0.008864160446243));
#3553=CARTESIAN_POINT('',(0.015550026642693,0.051541090918501,0.005064160446243));
#3554=CARTESIAN_POINT('',(0.006450026642693,0.051541090918501,0.008864160446243));
#3555=CARTESIAN_POINT('',(0.011000026642693,0.051541090918501,0.008864160446243));
#3556=CARTESIAN_POINT('',(0.006450026642693,0.051541090918501,0.001264160446243));
#3557=CARTESIAN_POINT('',(0.006450026642693,0.051541090918501,0.005064160446243));
#3558=CARTESIAN_POINT('',(0.011000026642693,0.051541090918501,0.001264160446243));
#3559=CARTESIAN_POINT('Origin',(0.011000021590043,0.049987404114808,0.0033141604462435));
#3560=CARTESIAN_POINT('',(0.020537343154686,0.049987404114808,-0.000435839553756005));
#3561=CARTESIAN_POINT('',(0.020537343154686,0.049987404114808,-0.00015));
#3562=CARTESIAN_POINT('',(0.020537343154686,0.049987404114808,0.0033141604462435));
#3563=CARTESIAN_POINT('',(0.022187343154686,0.049987404114808,-0.00015));
#3564=CARTESIAN_POINT('',(0.021737343154686,0.049987404114808,-0.00015));
#3565=CARTESIAN_POINT('',(0.022187343154686,0.049987404114808,0.001714160528321));
#3566=CARTESIAN_POINT('',(0.022187343154686,0.049987404114808,0.0007820802641605));
#3567=CARTESIAN_POINT('',(0.020537343154686,0.049987404114808,0.001714160528321));
#3568=CARTESIAN_POINT('',(0.021737343154686,0.049987404114808,0.001714160528321));
#3569=CARTESIAN_POINT('',(0.020537343154686,0.049987404114808,0.007064160446243));
#3570=CARTESIAN_POINT('',(0.020537343154686,0.049987404114808,0.007064160446243));
#3571=CARTESIAN_POINT('',(0.019287343154686,0.049987404114808,0.008314160446243));
#3572=CARTESIAN_POINT('Origin',(0.019287343154686,0.049987404114808,0.007064160446243));
#3573=CARTESIAN_POINT('',(0.015550026642693,0.049987404114808,0.008314160446243));
#3574=CARTESIAN_POINT('',(0.00537088576207461,0.049987404114808,0.008314160446243));
#3575=CARTESIAN_POINT('',(0.015550026642693,0.049987404114808,0.001264160446243));
#3576=CARTESIAN_POINT('',(0.015550026642693,0.049987404114808,0.005064160446243));
#3577=CARTESIAN_POINT('',(0.00645002664269301,0.049987404114808,0.001264160446243));
#3578=CARTESIAN_POINT('',(0.011000026642693,0.049987404114808,0.001264160446243));
#3579=CARTESIAN_POINT('',(0.00645002664269301,0.049987404114808,0.008314160446243));
#3580=CARTESIAN_POINT('',(0.00645002664269301,0.049987404114808,0.005064160446243));
#3581=CARTESIAN_POINT('',(0.00537088576207461,0.049987404114808,0.008314160446243));
#3582=CARTESIAN_POINT('',(0.00537088576207461,0.049987404114808,0.008314160446243));
#3583=CARTESIAN_POINT('',(0.00513564070540733,0.049987404114808,0.00797954506162762));
#3584=CARTESIAN_POINT('Origin',(0.00537088576207461,0.049987404114808,0.008064160446243));
#3585=CARTESIAN_POINT('',(0.00175885387155385,0.049987404114808,0.00401572790710126));
#3586=CARTESIAN_POINT('Origin',(0.0023127000254,0.049987404114808,0.006964160446243));
#3587=CARTESIAN_POINT('',(0.0014627000254,0.049987404114808,0.00377002519550611));
#3588=CARTESIAN_POINT('Origin',(0.0017127000254,0.049987404114808,0.00377002519550611));
#3589=CARTESIAN_POINT('',(0.0014627000254,0.049987404114808,0.001714160528321));
#3590=CARTESIAN_POINT('',(0.0014627000254,0.049987404114808,0.001714160528321));
#3591=CARTESIAN_POINT('',(-0.0001872999746,0.049987404114808,0.001714160528321));
#3592=CARTESIAN_POINT('',(0.011000021590043,0.049987404114808,0.00171416052832099));
#3593=CARTESIAN_POINT('',(-0.0001872999746,0.049987404114808,-0.00015));
#3594=CARTESIAN_POINT('',(-0.0001872999746,0.049987404114808,0.0033141604462435));
#3595=CARTESIAN_POINT('',(0.0014627000254,0.049987404114808,-0.00015));
#3596=CARTESIAN_POINT('',(0.011000021590043,0.049987404114808,-0.00015));
#3597=CARTESIAN_POINT('',(0.0014627000254,0.049987404114808,-0.000435839553756005));
#3598=CARTESIAN_POINT('',(0.0014627000254,0.049987404114808,0.0033141604462435));
#3599=CARTESIAN_POINT('',(0.0027127000254,0.049987404114808,-0.001685839553756));
#3600=CARTESIAN_POINT('Origin',(0.0027127000254,0.049987404114808,-0.000435839553756004));
#3601=CARTESIAN_POINT('',(0.019287343154686,0.049987404114808,-0.001685839553756));
#3602=CARTESIAN_POINT('',(0.011000021590043,0.049987404114808,-0.001685839553756));
#3603=CARTESIAN_POINT('Origin',(0.019287343154686,0.049987404114808,-0.000435839553756004));
#3604=CARTESIAN_POINT('Origin',(0.021737343154686,0.051489404114808,0.001714160528321));
#3605=CARTESIAN_POINT('',(0.022187343154686,0.00301270002540005,0.001714160528321));
#3606=CARTESIAN_POINT('',(0.021787343154686,0.00301270002540005,0.001714160528321));
#3607=CARTESIAN_POINT('',(0.012693674117348,0.00301270002540005,0.00171416052832099));
#3608=CARTESIAN_POINT('',(0.021287343154686,0.00351270002540005,0.001714160528321));
#3609=CARTESIAN_POINT('',(0.021287343154686,0.00351270002540005,0.001714160528321));
#3610=CARTESIAN_POINT('',(0.021287343154686,0.049237404114808,0.001714160528321));
#3611=CARTESIAN_POINT('',(0.021287343154686,0.051489404114808,0.001714160528321));
#3612=CARTESIAN_POINT('Origin',(0.020537343154686,0.049237404114808,0.001714160528321));
#3613=CARTESIAN_POINT('',(0.022187343154686,0.051489404114808,0.001714160528321));
#3614=CARTESIAN_POINT('Origin',(0.022187343154686,0.051489404114808,0.0007820802641605));
#3615=CARTESIAN_POINT('',(0.022187343154686,0.00301270002540005,-0.00015));
#3616=CARTESIAN_POINT('',(0.022187343154686,0.051489404114808,-0.00015));
#3617=CARTESIAN_POINT('',(0.022187343154686,0.00301270002540005,0.00628595998332774));
#3618=CARTESIAN_POINT('Origin',(0.021737343154686,0.051489404114808,-0.00015));
#3619=CARTESIAN_POINT('',(0.021287343154686,0.049237404114808,-0.00015));
#3620=CARTESIAN_POINT('Origin',(0.020537343154686,0.049237404114808,-0.00015));
#3621=CARTESIAN_POINT('',(0.021287343154686,0.00351270002540005,-0.00015));
#3622=CARTESIAN_POINT('',(0.021287343154686,0.051489404114808,-0.00015));
#3623=CARTESIAN_POINT('',(0.021787343154686,0.00301270002540005,-0.00015));
#3624=CARTESIAN_POINT('',(0.021787343154686,0.00301270002540005,-0.00015));
#3625=CARTESIAN_POINT('',(0.012693674117348,0.00301270002540005,-0.00015));
#3626=CARTESIAN_POINT('Origin',(0.021287343154686,0.051489404114808,-0.000292919776878002));
#3627=CARTESIAN_POINT('',(0.021287343154686,0.049237404114808,-0.000435839553756005));
#3628=CARTESIAN_POINT('',(0.021287343154686,0.049237404114808,-0.000292919776878002));
#3629=CARTESIAN_POINT('',(0.021287343154686,0.00351270002540005,-0.000435839553756005));
#3630=CARTESIAN_POINT('',(0.021287343154686,0.051489404114808,-0.000435839553756005));
#3631=CARTESIAN_POINT('',(0.021287343154686,0.00351270002540005,-0.000292919776878002));
#3632=CARTESIAN_POINT('Origin',(0.019287343154686,0.051489404114808,-0.000435839553756004));
#3633=CARTESIAN_POINT('',(0.019287343154686,0.049237404114808,-0.002435839553756));
#3634=CARTESIAN_POINT('Origin',(0.019287343154686,0.049237404114808,-0.000435839553756004));
#3635=CARTESIAN_POINT('',(0.019287343154686,0.00351270002540005,-0.002435839553756));
#3636=CARTESIAN_POINT('',(0.019287343154686,0.051489404114808,-0.002435839553756));
#3637=CARTESIAN_POINT('Origin',(0.019287343154686,0.00351270002540005,-0.000435839553756004));
#3638=CARTESIAN_POINT('Origin',(0.0151436823723645,0.051489404114808,-0.002435839553756));
#3639=CARTESIAN_POINT('',(0.0027127000254,0.049237404114808,-0.002435839553756));
#3640=CARTESIAN_POINT('',(0.0151436823723645,0.049237404114808,-0.002435839553756));
#3641=CARTESIAN_POINT('',(0.0027127000254,0.00351270002540005,-0.002435839553756));
#3642=CARTESIAN_POINT('',(0.0027127000254,0.051489404114808,-0.002435839553756));
#3643=CARTESIAN_POINT('',(0.0151436823723645,0.00351270002540005,-0.002435839553756));
#3644=CARTESIAN_POINT('Origin',(0.0153936823723645,0.051489404114808,-0.004035839553756));
#3645=CARTESIAN_POINT('',(0.0022127000254,0.050791090918501,-0.004035839553756));
#3646=CARTESIAN_POINT('',(0.0022127000254,0.00301270002540005,-0.004035839553756));
#3647=CARTESIAN_POINT('',(0.0022127000254,0.051489404114808,-0.004035839553756));
#3648=CARTESIAN_POINT('',(0.019787343154686,0.050791090918501,-0.004035839553756));
#3649=CARTESIAN_POINT('',(0.019787343154686,0.050791090918501,-0.004035839553756));
#3650=CARTESIAN_POINT('',(0.019787343154686,0.00301270002540005,-0.004035839553756));
#3651=CARTESIAN_POINT('',(0.019787343154686,0.051489404114808,-0.004035839553756));
#3652=CARTESIAN_POINT('',(0.012693674117348,0.00301270002540005,-0.004035839553756));
#3653=CARTESIAN_POINT('Origin',(0.019787343154686,0.051489404114808,-0.000435839553756008));
#3654=CARTESIAN_POINT('',(0.023387343154686,0.050791090918501,-0.000435839553756003));
#3655=CARTESIAN_POINT('Origin',(0.019787343154686,0.050791090918501,-0.000435839553756008));
#3656=CARTESIAN_POINT('',(0.023387343154686,0.00301270002540005,-0.000435839553756003));
#3657=CARTESIAN_POINT('',(0.023387343154686,0.051489404114808,-0.000435839553756003));
#3658=CARTESIAN_POINT('Origin',(0.019787343154686,0.00301270002540005,-0.000435839553756008));
#3659=CARTESIAN_POINT('Origin',(0.023387343154686,0.051489404114808,0.0033141604462435));
#3660=CARTESIAN_POINT('',(0.023387343154686,0.050791090918501,0.007064160446243));
#3661=CARTESIAN_POINT('',(0.023387343154686,0.050791090918501,0.007064160446243));
#3662=CARTESIAN_POINT('',(0.023387343154686,0.00301270002540005,0.007064160446243));
#3663=CARTESIAN_POINT('',(0.023387343154686,0.051489404114808,0.007064160446243));
#3664=CARTESIAN_POINT('',(0.023387343154686,0.00301270002540005,0.00628595998332774));
#3665=CARTESIAN_POINT('Origin',(0.019787343154686,0.051489404114808,0.007064160446243));
#3666=CARTESIAN_POINT('',(0.019787343154686,0.050791090918501,0.010664160446243));
#3667=CARTESIAN_POINT('Origin',(0.019787343154686,0.050791090918501,0.007064160446243));
#3668=CARTESIAN_POINT('',(0.019787343154686,0.00301270002540005,0.010664160446243));
#3669=CARTESIAN_POINT('',(0.019787343154686,0.051489404114808,0.010664160446243));
#3670=CARTESIAN_POINT('Origin',(0.019787343154686,0.00301270002540005,0.007064160446243));
#3671=CARTESIAN_POINT('Origin',(0.0153936823723645,0.051489404114808,0.010664160446243));
#3672=CARTESIAN_POINT('',(0.0022127000254,0.050791090918501,0.010664160446243));
#3673=CARTESIAN_POINT('',(0.0022127000254,0.050791090918501,0.010664160446243));
#3674=CARTESIAN_POINT('',(0.0022127000254,0.00301270002540005,0.010664160446243));
#3675=CARTESIAN_POINT('',(0.0022127000254,0.051489404114808,0.010664160446243));
#3676=CARTESIAN_POINT('',(0.012693674117348,0.00301270002540005,0.010664160446243));
#3677=CARTESIAN_POINT('Origin',(0.0151436823723645,0.051489404114808,0.009064160446243));
#3678=CARTESIAN_POINT('',(0.00537088576207461,0.00351270002540005,0.009064160446243));
#3679=CARTESIAN_POINT('',(0.00537088576207461,0.049237404114808,0.009064160446243));
#3680=CARTESIAN_POINT('',(0.00537088576207461,0.051489404114808,0.009064160446243));
#3681=CARTESIAN_POINT('',(0.019287343154686,0.049237404114808,0.009064160446243));
#3682=CARTESIAN_POINT('',(0.019287343154686,0.049237404114808,0.009064160446243));
#3683=CARTESIAN_POINT('',(0.019287343154686,0.00351270002540005,0.009064160446243));
#3684=CARTESIAN_POINT('',(0.019287343154686,0.051489404114808,0.009064160446243));
#3685=CARTESIAN_POINT('',(0.00537088576207461,0.00351270002540005,0.009064160446243));
#3686=CARTESIAN_POINT('Origin',(0.019287343154686,0.051489404114808,0.007064160446243));
#3687=CARTESIAN_POINT('',(0.021287343154686,0.049237404114808,0.007064160446243));
#3688=CARTESIAN_POINT('Origin',(0.019287343154686,0.049237404114808,0.007064160446243));
#3689=CARTESIAN_POINT('',(0.021287343154686,0.00351270002540005,0.007064160446243));
#3690=CARTESIAN_POINT('',(0.021287343154686,0.051489404114808,0.007064160446243));
#3691=CARTESIAN_POINT('Origin',(0.019287343154686,0.00351270002540005,0.007064160446243));
#3692=CARTESIAN_POINT('Origin',(0.021287343154686,0.051489404114808,0.004389160487282));
#3693=CARTESIAN_POINT('',(0.021287343154686,0.049237404114808,0.001714160528321));
#3694=CARTESIAN_POINT('',(0.021287343154686,0.00351270002540005,0.007064160446243));
#3695=CARTESIAN_POINT('Origin',(0.012693674117348,0.00301270002540005,0.00628595998332774));
#3696=CARTESIAN_POINT('',(-0.0013872999746,0.00301270002540005,-0.000435839553756003));
#3697=CARTESIAN_POINT('Origin',(0.0022127000254,0.00301270002540005,-0.000435839553756008));
#3698=CARTESIAN_POINT('',(-0.0013872999746,0.00301270002540005,0.007064160446243));
#3699=CARTESIAN_POINT('Origin',(0.00221270002540001,0.00301270002540005,
0.007064160446243));
#3700=CARTESIAN_POINT('',(-0.0013872999746,0.00301270002540005,0.0033141604462435));
#3701=CARTESIAN_POINT('',(0.0011627000254,0.00301270002540005,0.006964160446243));
#3702=CARTESIAN_POINT('Origin',(0.0023127000254,0.00301270002540005,0.006964160446243));
#3703=CARTESIAN_POINT('',(0.0027127000254,0.00301270002540005,-0.00293583955375601));
#3704=CARTESIAN_POINT('',(0.000212700025399995,0.00301270002540005,-0.000435839553756005));
#3705=CARTESIAN_POINT('Origin',(0.0027127000254,0.00301270002540005,-0.000435839553756004));
#3706=CARTESIAN_POINT('',(0.000212700025399996,0.00301270002540005,-0.00015));
#3707=CARTESIAN_POINT('',(0.000212700025399996,0.00301270002540005,0.00628595998332774));
#3708=CARTESIAN_POINT('',(-0.000187299974600002,0.00301270002540005,-0.00015));
#3709=CARTESIAN_POINT('',(0.000262700025399997,0.00301270002540005,-0.00015));
#3710=CARTESIAN_POINT('',(-0.000187299974600002,0.00301270002540005,0.001714160528321));
#3711=CARTESIAN_POINT('',(-0.000187299974600002,0.00301270002540005,0.0007820802641605));
#3712=CARTESIAN_POINT('',(0.000212700025399996,0.00301270002540005,0.001714160528321));
#3713=CARTESIAN_POINT('',(0.000262700025399997,0.00301270002540005,0.001714160528321));
#3714=CARTESIAN_POINT('',(0.000212700025399995,0.00301270002540005,0.00377002519550611));
#3715=CARTESIAN_POINT('',(0.000212700025399996,0.00301270002540005,0.00377002519550611));
#3716=CARTESIAN_POINT('',(0.00198962310232307,0.00301270002540005,0.00524424146507699));
#3717=CARTESIAN_POINT('Origin',(0.00171270002539999,0.00301270002540005,
0.00377002519550611));
#3718=CARTESIAN_POINT('',(0.00395941542207094,0.00301270002540005,0.00755646813855069));
#3719=CARTESIAN_POINT('Origin',(0.0023127000254,0.00301270002540005,0.006964160446243));
#3720=CARTESIAN_POINT('',(0.00537088576207461,0.00301270002540005,0.009564160446243));
#3721=CARTESIAN_POINT('Origin',(0.00537088576207461,0.00301270002540005,
0.008064160446243));
#3722=CARTESIAN_POINT('',(0.019287343154686,0.00301270002540005,0.009564160446243));
#3723=CARTESIAN_POINT('',(0.019287343154686,0.00301270002540005,0.009564160446243));
#3724=CARTESIAN_POINT('',(0.021787343154686,0.00301270002540005,0.007064160446243));
#3725=CARTESIAN_POINT('Origin',(0.019287343154686,0.00301270002540005,0.007064160446243));
#3726=CARTESIAN_POINT('',(0.021787343154686,0.00301270002540005,0.001714160528321));
#3727=CARTESIAN_POINT('',(0.021787343154686,0.00301270002540005,-0.000435839553756005));
#3728=CARTESIAN_POINT('',(0.021787343154686,0.00301270002540005,0.00628595998332774));
#3729=CARTESIAN_POINT('',(0.019287343154686,0.00301270002540005,-0.00293583955375601));
#3730=CARTESIAN_POINT('Origin',(0.019287343154686,0.00301270002540005,-0.000435839553756004));
#3731=CARTESIAN_POINT('',(0.012693674117348,0.00301270002540005,-0.00293583955375601));
#3732=CARTESIAN_POINT('Origin',(0.000262700025399999,0.051489404114808,
0.001714160528321));
#3733=CARTESIAN_POINT('',(0.000712700025399998,0.049237404114808,0.001714160528321));
#3734=CARTESIAN_POINT('Origin',(0.0014627000254,0.049237404114808,0.001714160528321));
#3735=CARTESIAN_POINT('',(0.000712700025399996,0.00351270002540005,0.001714160528321));
#3736=CARTESIAN_POINT('',(0.000712700025399998,0.051489404114808,0.001714160528321));
#3737=CARTESIAN_POINT('',(0.000212700025399995,0.00301270002540005,0.001714160528321));
#3738=CARTESIAN_POINT('',(-0.0001872999746,0.051489404114808,0.001714160528321));
#3739=CARTESIAN_POINT('Origin',(-0.0001872999746,0.051489404114808,0.0007820802641605));
#3740=CARTESIAN_POINT('',(-0.0001872999746,0.051489404114808,-0.00015));
#3741=CARTESIAN_POINT('Origin',(0.000262700025399999,0.051489404114808,
-0.00015));
#3742=CARTESIAN_POINT('',(0.000712700025399996,0.00351270002540005,-0.00015));
#3743=CARTESIAN_POINT('',(0.000712700025399996,0.00351270002540005,-0.00015));
#3744=CARTESIAN_POINT('',(0.000712700025399998,0.049237404114808,-0.00015));
#3745=CARTESIAN_POINT('',(0.000712700025399998,0.051489404114808,-0.00015));
#3746=CARTESIAN_POINT('Origin',(0.0014627000254,0.049237404114808,-0.00015));
#3747=CARTESIAN_POINT('Origin',(0.000712700025399998,0.051489404114808,
-0.000292919776878002));
#3748=CARTESIAN_POINT('',(0.000712700025399998,0.049237404114808,-0.000435839553756005));
#3749=CARTESIAN_POINT('',(0.000712700025399996,0.00351270002540005,-0.000435839553756005));
#3750=CARTESIAN_POINT('',(0.000712700025399998,0.051489404114808,-0.000435839553756005));
#3751=CARTESIAN_POINT('',(0.000712700025399998,0.049237404114808,-0.000292919776878002));
#3752=CARTESIAN_POINT('',(0.000712700025399996,0.00351270002540005,-0.000292919776878002));
#3753=CARTESIAN_POINT('Origin',(0.0027127000254,0.051489404114808,-0.000435839553756004));
#3754=CARTESIAN_POINT('Origin',(0.0027127000254,0.049237404114808,-0.000435839553756004));
#3755=CARTESIAN_POINT('Origin',(0.0027127000254,0.00351270002540005,-0.000435839553756004));
#3756=CARTESIAN_POINT('Origin',(0.0022127000254,0.051489404114808,-0.000435839553756008));
#3757=CARTESIAN_POINT('',(-0.0013872999746,0.050791090918501,-0.000435839553756003));
#3758=CARTESIAN_POINT('',(-0.0013872999746,0.051489404114808,-0.000435839553756003));
#3759=CARTESIAN_POINT('Origin',(0.0022127000254,0.050791090918501,-0.000435839553756008));
#3760=CARTESIAN_POINT('Origin',(-0.0013872999746,0.051489404114808,0.0033141604462435));
#3761=CARTESIAN_POINT('',(-0.0013872999746,0.050791090918501,0.007064160446243));
#3762=CARTESIAN_POINT('',(-0.0013872999746,0.051489404114808,0.007064160446243));
#3763=CARTESIAN_POINT('',(-0.0013872999746,0.050791090918501,-0.000435839553756003));
#3764=CARTESIAN_POINT('Origin',(0.00221270002540001,0.051489404114808,0.007064160446243));
#3765=CARTESIAN_POINT('Origin',(0.00221270002540001,0.050791090918501,0.007064160446243));
#3766=CARTESIAN_POINT('Origin',(0.000712700025399998,0.051489404114808,
0.004389160487282));
#3767=CARTESIAN_POINT('',(0.000712700025399998,0.049237404114808,0.00377002519550611));
#3768=CARTESIAN_POINT('',(0.000712700025399998,0.049237404114808,0.00377002519550611));
#3769=CARTESIAN_POINT('',(0.000712700025399996,0.00351270002540006,0.00377002519550611));
#3770=CARTESIAN_POINT('',(0.000712700025399998,0.051489404114808,0.00377002519550611));
#3771=CARTESIAN_POINT('',(0.000712700025399996,0.00351270002540005,0.001714160528321));
#3772=CARTESIAN_POINT('Origin',(0.0023127000254,0.051489404114808,0.006964160446243));
#3773=CARTESIAN_POINT('',(0.00189731541001538,0.00351270002540006,0.0047528360418867));
#3774=CARTESIAN_POINT('',(0.00189731541001539,0.049237404114808,0.0047528360418867));
#3775=CARTESIAN_POINT('',(0.00189731541001539,0.051489404114808,0.0047528360418867));
#3776=CARTESIAN_POINT('',(0.0044299055354055,0.049237404114808,0.00772569890778146));
#3777=CARTESIAN_POINT('Origin',(0.0023127000254,0.049237404114808,0.006964160446243));
#3778=CARTESIAN_POINT('',(0.00442990553540549,0.00351270002540007,0.00772569890778146));
#3779=CARTESIAN_POINT('',(0.0044299055354055,0.051489404114808,0.00772569890778146));
#3780=CARTESIAN_POINT('Origin',(0.0023127000254,0.00351270002540005,0.006964160446243));
#3781=CARTESIAN_POINT('Origin',(0.0023127000254,0.051489404114808,0.006964160446243));
#3782=CARTESIAN_POINT('',(0.0011627000254,0.049987404114808,0.006964160446243));
#3783=CARTESIAN_POINT('Origin',(0.0023127000254,0.049987404114808,0.006964160446243));
#3784=CARTESIAN_POINT('',(0.0011627000254,0.051489404114808,0.006964160446243));
#3785=CARTESIAN_POINT('Origin',(0.011000021590043,0.049987404114808,0.0033141604462435));
#3786=CARTESIAN_POINT('Origin',(0.0017127000254,0.051489404114808,0.00377002519550611));
#3787=CARTESIAN_POINT('Origin',(0.0017127000254,0.049237404114808,0.00377002519550611));
#3788=CARTESIAN_POINT('Origin',(0.00171270002539999,0.00351270002540006,
0.00377002519550611));
#3789=CARTESIAN_POINT('Origin',(0.00537088576207461,0.051489404114808,0.008064160446243));
#3790=CARTESIAN_POINT('Origin',(0.00537088576207461,0.049237404114808,0.008064160446243));
#3791=CARTESIAN_POINT('Origin',(0.00537088576207461,0.00351270002540006,
0.008064160446243));
#3792=CARTESIAN_POINT('Origin',(0.021787343154686,0.00301270002540005,0.00628595998332774));
#3793=CARTESIAN_POINT('',(0.021787343154686,0.00301270002540005,-0.000435839553756005));
#3794=CARTESIAN_POINT('Origin',(0.019287343154686,0.00351270002540005,-0.000435839553756004));
#3795=CARTESIAN_POINT('',(0.019287343154686,0.00301270002540005,-0.00293583955375601));
#3796=CARTESIAN_POINT('Origin',(0.012693674117348,0.00301270002540005,-0.00293583955375601));
#3797=CARTESIAN_POINT('',(0.0027127000254,0.00301270002540005,-0.00293583955375601));
#3798=CARTESIAN_POINT('Origin',(0.0027127000254,0.00301270002540005,-0.000435839553756004));
#3799=CARTESIAN_POINT('',(0.000212700025399995,0.00301270002540005,-0.000435839553756005));
#3800=CARTESIAN_POINT('Origin',(0.000712700025399996,0.00351270002540005,
-0.000292919776878002));
#3801=CARTESIAN_POINT('Origin',(0.021287343154686,0.00351270002540005,0.004389160487282));
#3802=CARTESIAN_POINT('',(0.021287343154686,0.00351270002540005,0.007064160446243));
#3803=CARTESIAN_POINT('Origin',(0.019287343154686,0.00351270002540005,0.007064160446243));
#3804=CARTESIAN_POINT('',(0.019287343154686,0.00351270002540005,0.009064160446243));
#3805=CARTESIAN_POINT('Origin',(0.0151436823723645,0.00351270002540005,
0.009064160446243));
#3806=CARTESIAN_POINT('',(0.00537088576207461,0.00351270002540005,0.009064160446243));
#3807=CARTESIAN_POINT('Origin',(0.00537088576207461,0.00301270002540005,
0.008064160446243));
#3808=CARTESIAN_POINT('',(0.00442990553540549,0.00351270002540006,0.00772569890778146));
#3809=CARTESIAN_POINT('Origin',(0.0023127000254,0.00301270002540005,0.006964160446243));
#3810=CARTESIAN_POINT('',(0.00189731541001538,0.00351270002540005,0.0047528360418867));
#3811=CARTESIAN_POINT('Origin',(0.00171270002539999,0.00301270002540005,
0.00377002519550611));
#3812=CARTESIAN_POINT('',(0.000712700025399996,0.00351270002540006,0.00377002519550611));
#3813=CARTESIAN_POINT('Origin',(0.000212700025399996,0.00301270002540005,
0.00628595998332774));
#3814=CARTESIAN_POINT('Origin',(0.019787343154686,0.050791090918501,-0.000435839553756008));
#3815=CARTESIAN_POINT('Origin',(0.019787343154686,0.050791090918501,-0.00328583955375601));
#3816=CARTESIAN_POINT('Origin',(0.022637343154686,0.050791090918501,-0.000435839553756003));
#3817=CARTESIAN_POINT('Origin',(0.022637343154686,0.050791090918501,0.008564160446243));
#3818=CARTESIAN_POINT('Origin',(0.022637343154686,0.050791090918501,0.007064160446243));
#3819=CARTESIAN_POINT('Origin',(0.007180026642694,0.050791090918501,-0.00328583955375601));
#3820=CARTESIAN_POINT('Origin',(0.0022127000254,0.050791090918501,-0.00328583955375601));
#3821=CARTESIAN_POINT('Origin',(0.019787343154686,0.050791090918501,0.007064160446243));
#3822=CARTESIAN_POINT('Origin',(0.019787343154686,0.050791090918501,0.009914160446243));
#3823=CARTESIAN_POINT('Origin',(0.0022127000254,0.050791090918501,-0.000435839553756008));
#3824=CARTESIAN_POINT('Origin',(-0.000637299974600002,0.050791090918501,
-0.000435839553756004));
#3825=CARTESIAN_POINT('Origin',(0.007180026642694,0.050791090918501,0.009914160446243));
#3826=CARTESIAN_POINT('Origin',(0.0022127000254,0.050791090918501,0.009914160446243));
#3827=CARTESIAN_POINT('Origin',(-0.0006372999746,0.050791090918501,0.0033141604462435));
#3828=CARTESIAN_POINT('Origin',(-0.0006372999746,0.050791090918501,0.007064160446243));
#3829=CARTESIAN_POINT('Origin',(0.00221270002540001,0.050791090918501,0.007064160446243));
#3830=CARTESIAN_POINT('Origin',(0.015550026642693,0.00301070002540004,0.005064160446243));
#3831=CARTESIAN_POINT('',(0.015550026642693,0.0497473060661673,0.008864160446243));
#3832=CARTESIAN_POINT('',(0.015550026642693,0.00301070002540004,0.008864160446243));
#3833=CARTESIAN_POINT('',(0.015550026642693,0.00301070002540004,0.001264160446243));
#3834=CARTESIAN_POINT('Origin',(0.015550026642693,0.049237404114808,0.008314160446243));
#3835=CARTESIAN_POINT('Origin',(0.011000026642693,0.00301070002540004,0.001264160446243));
#3836=CARTESIAN_POINT('',(0.00645002664269301,0.00301070002540004,0.001264160446243));
#3837=CARTESIAN_POINT('Origin',(0.011000026642693,0.00301070002540004,0.008864160446243));
#3838=CARTESIAN_POINT('',(0.00645002664269301,0.0497473060661673,0.008864160446243));
#3839=CARTESIAN_POINT('',(0.00645002664269301,0.00301070002540004,0.008864160446243));
#3840=CARTESIAN_POINT('',(0.015550026642693,0.0497473060661673,0.008864160446243));
#3841=CARTESIAN_POINT('Origin',(0.00645002664269301,0.00301070002540004,
0.005064160446243));
#3842=CARTESIAN_POINT('Origin',(0.00645002664269301,0.049237404114808,0.008314160446243));
#3843=CARTESIAN_POINT('Origin',(0.0014627000254,0.049237404114808,0.0033141604462435));
#3844=CARTESIAN_POINT('Origin',(0.0014627000254,0.049237404114808,-0.000435839553756005));
#3845=CARTESIAN_POINT('Origin',(0.0027127000254,0.049237404114808,-0.000435839553756004));
#3846=CARTESIAN_POINT('Origin',(0.0027127000254,0.049237404114808,-0.001685839553756));
#3847=CARTESIAN_POINT('Origin',(0.0151436823723645,0.049237404114808,-0.001685839553756));
#3848=CARTESIAN_POINT('Origin',(0.019287343154686,0.049237404114808,-0.001685839553756));
#3849=CARTESIAN_POINT('Origin',(0.019287343154686,0.049237404114808,-0.000435839553756004));
#3850=CARTESIAN_POINT('Origin',(0.020537343154686,0.049237404114808,-0.000435839553756005));
#3851=CARTESIAN_POINT('Origin',(0.020537343154686,0.049237404114808,-0.000292919776878002));
#3852=CARTESIAN_POINT('Origin',(0.020537343154686,0.049237404114808,0.0033141604462435));
#3853=CARTESIAN_POINT('Origin',(0.020537343154686,0.049237404114808,0.007064160446243));
#3854=CARTESIAN_POINT('Origin',(0.019287343154686,0.049237404114808,0.007064160446243));
#3855=CARTESIAN_POINT('Origin',(0.019287343154686,0.049237404114808,0.008314160446243));
#3856=CARTESIAN_POINT('Origin',(0.011000021590043,0.049237404114808,0.008314160446243));
#3857=CARTESIAN_POINT('Origin',(0.00537088576207461,0.049237404114808,0.008314160446243));
#3858=CARTESIAN_POINT('Ctrl Pts',(0.0044299055354055,0.049237404114808,
0.00772569890778146));
#3859=CARTESIAN_POINT('Ctrl Pts',(0.00425412040387857,0.049237404114808,
0.00821441125501338));
#3860=CARTESIAN_POINT('Ctrl Pts',(0.00455282050231181,0.049237404114808,
0.00863928585062819));
#3861=CARTESIAN_POINT('Ctrl Pts',(0.00485152060074506,0.049237404114808,
0.009064160446243));
#3862=CARTESIAN_POINT('Ctrl Pts',(0.00537088576207461,0.049237404114808,
0.009064160446243));
#3863=CARTESIAN_POINT('Ctrl Pts',(0.0044299055354055,0.049987404114808,
0.00772569890778146));
#3864=CARTESIAN_POINT('Ctrl Pts',(0.00425412040387857,0.049987404114808,
0.00821441125501338));
#3865=CARTESIAN_POINT('Ctrl Pts',(0.00455282050231181,0.049987404114808,
0.00863928585062819));
#3866=CARTESIAN_POINT('Ctrl Pts',(0.00485152060074506,0.049987404114808,
0.009064160446243));
#3867=CARTESIAN_POINT('Ctrl Pts',(0.00537088576207461,0.049987404114808,
0.009064160446243));
#3868=CARTESIAN_POINT('Ctrl Pts',(0.00513564070540733,0.049987404114808,
0.00797954506162761));
#3869=CARTESIAN_POINT('Ctrl Pts',(0.0050916944225256,0.049987404114808,
0.0081017231484356));
#3870=CARTESIAN_POINT('Ctrl Pts',(0.00516636944713391,0.049987404114808,
0.0082079417973393));
#3871=CARTESIAN_POINT('Ctrl Pts',(0.00524104447174222,0.049987404114808,
0.008314160446243));
#3872=CARTESIAN_POINT('Ctrl Pts',(0.00537088576207461,0.049987404114808,
0.008314160446243));
#3873=CARTESIAN_POINT('Origin',(0.00513564070540733,0.049237404114808,0.00797954506162762));
#3874=CARTESIAN_POINT('Origin',(0.0023127000254,0.049237404114808,0.006964160446243));
#3875=CARTESIAN_POINT('Origin',(0.00175885387155385,0.049237404114808,0.00401572790710126));
#3876=CARTESIAN_POINT('Ctrl Pts',(0.0007127000254,0.049237404114808,0.00377002519550611));
#3877=CARTESIAN_POINT('Ctrl Pts',(0.000712700025399999,0.049237404114808,
0.0042397301629283));
#3878=CARTESIAN_POINT('Ctrl Pts',(0.00107419214941702,0.049237404114808,
0.0045396404840157));
#3879=CARTESIAN_POINT('Ctrl Pts',(0.00143568427343403,0.049237404114808,
0.0048395508051031));
#3880=CARTESIAN_POINT('Ctrl Pts',(0.0018973154100154,0.049237404114808,
0.00475283604188669));
#3881=CARTESIAN_POINT('Ctrl Pts',(0.0007127000254,0.049987404114808,0.00377002519550611));
#3882=CARTESIAN_POINT('Ctrl Pts',(0.000712700025399999,0.049987404114808,
0.0042397301629283));
#3883=CARTESIAN_POINT('Ctrl Pts',(0.00107419214941702,0.049987404114808,
0.0045396404840157));
#3884=CARTESIAN_POINT('Ctrl Pts',(0.00143568427343403,0.049987404114808,
0.0048395508051031));
#3885=CARTESIAN_POINT('Ctrl Pts',(0.0018973154100154,0.049987404114808,
0.00475283604188669));
#3886=CARTESIAN_POINT('Ctrl Pts',(0.0014627000254,0.049987404114808,0.00377002519550611));
#3887=CARTESIAN_POINT('Ctrl Pts',(0.0014627000254,0.049987404114808,0.00388745143736166));
#3888=CARTESIAN_POINT('Ctrl Pts',(0.00155307305640425,0.049987404114808,
0.00396242901763351));
#3889=CARTESIAN_POINT('Ctrl Pts',(0.00164344608740851,0.049987404114808,
0.00403740659790536));
#3890=CARTESIAN_POINT('Ctrl Pts',(0.00175885387155385,0.049987404114808,
0.00401572790710126));
#3891=CARTESIAN_POINT('Origin',(0.0014627000254,0.049237404114808,0.00377002519550611));
#3892=CARTESIAN_POINT('Origin',(0.0014627000254,0.049237404114808,0.004389160487282));
#3893=CARTESIAN_POINT('',(0.,0.,0.));
#3894=CARTESIAN_POINT('Origin',(0.0023127000254,-0.001308992635242,0.006964160446243));
#3895=CARTESIAN_POINT('',(0.0023127000254,0.000193007364757986,0.008464160446243));
#3896=CARTESIAN_POINT('',(0.0038127000254,0.000193007364757986,0.006964160446243));
#3897=CARTESIAN_POINT('Origin',(0.0023127000254,0.000193007364757986,0.006964160446243));
#3898=CARTESIAN_POINT('',(0.0038127000254,0.00301270002540005,0.006964160446243));
#3899=CARTESIAN_POINT('',(0.0038127000254,-0.001308992635242,0.006964160446243));
#3900=CARTESIAN_POINT('Origin',(0.0023127000254,0.00301270002540005,0.006964160446243));
#3901=CARTESIAN_POINT('Origin',(0.0023127000254,0.000193007364757986,0.006964160446243));
#3902=CARTESIAN_POINT('Origin',(0.011000021590043,0.00301270002540005,0.0033141604462435));
#3903=CARTESIAN_POINT('',(0.0022127000254,0.00301270002540005,-0.004035839553756));
#3904=CARTESIAN_POINT('',(-0.0013872999746,0.00301270002540005,-0.000435839553756003));
#3905=CARTESIAN_POINT('Origin',(0.0022127000254,0.00301270002540005,-0.000435839553756008));
#3906=CARTESIAN_POINT('',(-0.0013872999746,0.00301270002540005,0.007064160446243));
#3907=CARTESIAN_POINT('',(-0.0013872999746,0.00301270002540005,0.0033141604462435));
#3908=CARTESIAN_POINT('',(0.0022127000254,0.00301270002540005,0.010664160446243));
#3909=CARTESIAN_POINT('Origin',(0.00221270002540001,0.00301270002540005,
0.007064160446243));
#3910=CARTESIAN_POINT('',(0.019787343154686,0.00301270002540005,0.010664160446243));
#3911=CARTESIAN_POINT('',(0.012693674117348,0.00301270002540005,0.010664160446243));
#3912=CARTESIAN_POINT('',(0.023387343154686,0.00301270002540005,0.007064160446243));
#3913=CARTESIAN_POINT('Origin',(0.019787343154686,0.00301270002540005,0.007064160446243));
#3914=CARTESIAN_POINT('',(0.023387343154686,0.00301270002540005,-0.000435839553756003));
#3915=CARTESIAN_POINT('',(0.023387343154686,0.00301270002540005,0.00628595998332774));
#3916=CARTESIAN_POINT('',(0.019787343154686,0.00301270002540005,-0.004035839553756));
#3917=CARTESIAN_POINT('Origin',(0.019787343154686,0.00301270002540005,-0.000435839553756008));
#3918=CARTESIAN_POINT('',(0.012693674117348,0.00301270002540005,-0.004035839553756));
#3919=CARTESIAN_POINT('',(0.0200078728069006,0.00301270002521802,-0.000435839554726073));
#3920=CARTESIAN_POINT('',(0.021237343154686,0.00301270002540005,-0.000435839553756004));
#3921=CARTESIAN_POINT('',(0.020762343154686,0.00301270002540005,-0.000435839553756004));
#3922=CARTESIAN_POINT('',(0.020308270277067,0.00301270002540005,-0.00015));
#3923=CARTESIAN_POINT('Ctrl Pts',(0.0200078728071458,0.00301270002540005,
-0.000435839554737688));
#3924=CARTESIAN_POINT('Ctrl Pts',(0.0200096613388352,0.00301270002540005,
-0.00039808342511471));
#3925=CARTESIAN_POINT('Ctrl Pts',(0.0200185863426074,0.00301270002540005,
-0.000361010355610113));
#3926=CARTESIAN_POINT('Ctrl Pts',(0.0200501148702831,0.00301270002540005,
-0.000291334254339917));
#3927=CARTESIAN_POINT('Ctrl Pts',(0.0200727322180578,0.0030127000253993,
-0.000259516338326796));
#3928=CARTESIAN_POINT('Ctrl Pts',(0.0201287216238668,0.0030127000253993,
-0.000206270369342703));
#3929=CARTESIAN_POINT('Ctrl Pts',(0.0201615458796056,0.00301270002540005,
-0.000185312769087208));
#3930=CARTESIAN_POINT('Ctrl Pts',(0.0202327136602791,0.00301270002540005,
-0.000157164356457779));
#3931=CARTESIAN_POINT('Ctrl Pts',(0.0202703245291327,0.00301270002540005,
-0.000150000044128316));
#3932=CARTESIAN_POINT('Ctrl Pts',(0.020308270277067,0.00301270002540005,
-0.000150000000000204));
#3933=CARTESIAN_POINT('',(0.022387343154686,0.00301270002540005,-0.00015));
#3934=CARTESIAN_POINT('',(0.021337343154686,0.00301270002540005,-0.00015));
#3935=CARTESIAN_POINT('',(0.022387343154686,0.00301270002540005,0.001714160528321));
#3936=CARTESIAN_POINT('',(0.022387343154686,0.00301270002540005,0.0007820802641605));
#3937=CARTESIAN_POINT('',(0.020007635906912,0.00301270002540005,0.001714160528321));
#3938=CARTESIAN_POINT('',(0.021337343154686,0.00301270002540005,0.001714160528321));
#3939=CARTESIAN_POINT('',(0.020007635906912,0.00301270002540005,0.00271416052832099));
#3940=CARTESIAN_POINT('',(0.020007635906912,0.00301270002540005,0.0033141604462435));
#3941=CARTESIAN_POINT('',(0.021237343154686,0.00301270002540005,0.00271416052832099));
#3942=CARTESIAN_POINT('',(0.020762343154686,0.00301270002540005,0.00271416052832099));
#3943=CARTESIAN_POINT('',(0.021237343154686,0.00301270002540005,0.007064160446243));
#3944=CARTESIAN_POINT('',(0.021237343154686,0.00301270002540005,0.004889160487282));
#3945=CARTESIAN_POINT('',(0.019287343154686,0.00301270002540005,0.009014160446243));
#3946=CARTESIAN_POINT('Origin',(0.019287343154686,0.00301270002540005,0.007064160446243));
#3947=CARTESIAN_POINT('',(0.0053708857620746,0.00301270002540005,0.009014160446243));
#3948=CARTESIAN_POINT('',(0.0123291144583803,0.00301270002540005,0.009014160446243));
#3949=CARTESIAN_POINT('',(0.00447695454673895,0.00301270002540005,0.00774262198470454));
#3950=CARTESIAN_POINT('Origin',(0.0053708857620746,0.00301270002540005,
0.008064160446243));
#3951=CARTESIAN_POINT('',(0.00188808464078461,0.00301270002540005,0.00470369549956766));
#3952=CARTESIAN_POINT('Origin',(0.0023127000254,0.00301270002540005,0.006964160446243));
#3953=CARTESIAN_POINT('',(0.000762700025399998,0.00301270002540005,0.00377002519550611));
#3954=CARTESIAN_POINT('Origin',(0.00171270002539999,0.00301270002540005,
0.00377002519550611));
#3955=CARTESIAN_POINT('',(0.000762700025399998,0.00301270002540005,0.002714160528321));
#3956=CARTESIAN_POINT('',(0.000762700025399998,0.00301270002540005,0.00324209286191355));
#3957=CARTESIAN_POINT('',(0.00199240727317403,0.00301270002540005,0.002714160528321));
#3958=CARTESIAN_POINT('',(0.0012377000254,0.00301270002540005,0.002714160528321));
#3959=CARTESIAN_POINT('',(0.00199240727317403,0.00301270002540005,0.001714160528321));
#3960=CARTESIAN_POINT('',(0.00199240727317403,0.00301270002540005,0.0033141604462435));
#3961=CARTESIAN_POINT('',(-0.000387299974600002,0.00301270002540005,0.001714160528321));
#3962=CARTESIAN_POINT('',(0.000662700025399997,0.00301270002540005,0.001714160528321));
#3963=CARTESIAN_POINT('',(-0.000387299974600002,0.00301270002540005,-0.00015));
#3964=CARTESIAN_POINT('',(-0.000387299974600002,0.00301270002540005,0.0007820802641605));
#3965=CARTESIAN_POINT('',(0.00169177290301893,0.00301270002540005,-0.00015));
#3966=CARTESIAN_POINT('',(0.000662700025399997,0.00301270002540005,-0.00015));
#3967=CARTESIAN_POINT('',(0.0019921703731856,0.00301270002521802,-0.000435839554726064));
#3968=CARTESIAN_POINT('Ctrl Pts',(0.00169177290301892,0.00301270002540005,
-0.000150000000000204));
#3969=CARTESIAN_POINT('Ctrl Pts',(0.00172971867455436,0.00301270002540005,
-0.000150000044128252));
#3970=CARTESIAN_POINT('Ctrl Pts',(0.0017673295663842,0.00301270002540005,
-0.000157164365369632));
#3971=CARTESIAN_POINT('Ctrl Pts',(0.0018384973632118,0.00301270002540005,
-0.000185312803568593));
#3972=CARTESIAN_POINT('Ctrl Pts',(0.00187132161469087,0.00301270002539931,
-0.000206270412071673));
#3973=CARTESIAN_POINT('Ctrl Pts',(0.00192731100752756,0.00301270002539931,
-0.000259516394501232));
#3974=CARTESIAN_POINT('Ctrl Pts',(0.00194992834717618,0.00301270002540005,
-0.000291334315078137));
#3975=CARTESIAN_POINT('Ctrl Pts',(0.00198145684855246,0.00301270002540005,
-0.000361010401432798));
#3976=CARTESIAN_POINT('Ctrl Pts',(0.00199038184236209,0.00301270002540005,
-0.000398083448557411));
#3977=CARTESIAN_POINT('Ctrl Pts',(0.00199217037294042,0.00301270002540005,
-0.000435839554737679));
#3978=CARTESIAN_POINT('',(0.000762700025399995,0.00301270002540005,-0.000435839553756005));
#3979=CARTESIAN_POINT('',(0.0012377000254,0.00301270002540005,-0.000435839553756005));
#3980=CARTESIAN_POINT('',(0.0027127000254,0.00301270002540005,-0.00238583955375601));
#3981=CARTESIAN_POINT('Origin',(0.0027127000254,0.00301270002540005,-0.000435839553756004));
#3982=CARTESIAN_POINT('',(0.019287343154686,0.00301270002540005,-0.002385839553756));
#3983=CARTESIAN_POINT('',(0.011000021590043,0.00301270002540005,-0.002385839553756));
#3984=CARTESIAN_POINT('Origin',(0.019287343154686,0.00301270002540005,-0.000435839553756005));
#3985=CARTESIAN_POINT('Origin',(0.022387343154686,-0.001308992635242,0.0007820802641605));
#3986=CARTESIAN_POINT('',(0.022387343154686,-8.72999745999502E-5,0.001714160528321));
#3987=CARTESIAN_POINT('',(0.022387343154686,-8.72999745999502E-5,-0.00015));
#3988=CARTESIAN_POINT('',(0.022387343154686,-8.72999745999501E-5,0.0007820802641605));
#3989=CARTESIAN_POINT('',(0.022387343154686,-0.001308992635242,0.001714160528321));
#3990=CARTESIAN_POINT('',(0.022387343154686,-0.001308992635242,-0.00015));
#3991=CARTESIAN_POINT('Origin',(0.021337343154686,-0.001308992635242,-0.00015));
#3992=CARTESIAN_POINT('',(0.0200914706883565,-8.72999745999501E-5,-0.00015));
#3993=CARTESIAN_POINT('',(0.020308270277067,0.00301270002540005,-0.000150000000000204));
#3994=CARTESIAN_POINT('',(0.021337343154686,-8.72999745999501E-5,-0.00015));
#3995=CARTESIAN_POINT('Origin',(0.019287343154686,0.00701270002540005,-0.000435839553755998));
#3996=CARTESIAN_POINT('',(0.019287343154686,-8.72999745999501E-5,-0.000939359188957081));
#3997=CARTESIAN_POINT('',(0.019790784452079,-8.72999745999501E-5,-0.000444721170291388));
#3998=CARTESIAN_POINT('Origin',(0.019287343154686,-8.72999745999501E-5,
-0.000435839553755998));
#3999=CARTESIAN_POINT('',(0.0202872837612454,0.00701270002540005,-0.000446738331376271));
#4000=CARTESIAN_POINT('Ctrl Pts',(0.019790784452079,-8.72999745999502E-5,
-0.000444721170291388));
#4001=CARTESIAN_POINT('Ctrl Pts',(0.0199562844492842,0.00227936653351303,
-0.000445809391319433));
#4002=CARTESIAN_POINT('Ctrl Pts',(0.0201217849950756,0.00464603322113636,
-0.000446322878724499));
#4003=CARTESIAN_POINT('Ctrl Pts',(0.0202872837612454,0.00701270002540005,
-0.000446738331376271));
#4004=CARTESIAN_POINT('',(0.019287343154686,0.00701270002540005,-0.001435839553756));
#4005=CARTESIAN_POINT('Origin',(0.019287343154686,0.00701270002540005,-0.000435839553755998));
#4006=CARTESIAN_POINT('',(0.019287343154686,0.00701270002540005,-0.001435839553756));
#4007=CARTESIAN_POINT('Origin',(0.011000021590043,0.00701270002540005,-0.00143583955375601));
#4008=CARTESIAN_POINT('',(0.0027127000254,-8.72999745999492E-5,-0.00093935918895708));
#4009=CARTESIAN_POINT('',(0.011000021590043,-8.72999745999501E-5,-0.000939359188957082));
#4010=CARTESIAN_POINT('',(0.0027127000254,0.00701270002540005,-0.001435839553756));
#4011=CARTESIAN_POINT('',(0.011000021590043,0.00701270002540005,-0.00143583955375601));
#4012=CARTESIAN_POINT('',(0.0027127000254,0.00701270002540005,-0.001435839553756));
#4013=CARTESIAN_POINT('Origin',(0.0027127000254,0.00701270002540005,-0.000435839553756005));
#4014=CARTESIAN_POINT('',(0.00171275941884059,0.00701270002540005,-0.000446738331376273));
#4015=CARTESIAN_POINT('Origin',(0.0027127000254,0.00701270002540005,-0.000435839553756005));
#4016=CARTESIAN_POINT('',(0.002209258728007,-8.72999745999492E-5,-0.00044472117029139));
#4017=CARTESIAN_POINT('Ctrl Pts',(0.00171275941884059,0.00701270002540005,
-0.000446738331376273));
#4018=CARTESIAN_POINT('Ctrl Pts',(0.00187825818516028,0.00464603321899254,
-0.000446322878724125));
#4019=CARTESIAN_POINT('Ctrl Pts',(0.00204375873033055,0.00227936654025144,
-0.000445809391322533));
#4020=CARTESIAN_POINT('Ctrl Pts',(0.002209258728007,-8.72999745999502E-5,
-0.00044472117029139));
#4021=CARTESIAN_POINT('Origin',(0.0027127000254,-8.72999745999492E-5,-0.000435839553756005));
#4022=CARTESIAN_POINT('Origin',(0.000662700025399997,-0.001308992635242,
-0.00015));
#4023=CARTESIAN_POINT('',(0.00190857249172948,-8.72999745999493E-5,-0.00015));
#4024=CARTESIAN_POINT('',(-0.000387299974600002,-8.72999745999492E-5,-0.00015));
#4025=CARTESIAN_POINT('',(0.000662700025399997,-8.72999745999492E-5,-0.00015));
#4026=CARTESIAN_POINT('',(0.00190857249172948,-8.72999745999489E-5,-0.00015));
#4027=CARTESIAN_POINT('',(-0.000387299974600003,-0.001308992635242,-0.00015));
#4028=CARTESIAN_POINT('Origin',(-0.000387299974600003,-0.001308992635242,
0.0007820802641605));
#4029=CARTESIAN_POINT('',(-0.000387299974600003,-8.72999745999492E-5,0.001714160528321));
#4030=CARTESIAN_POINT('',(-0.000387299974600002,-8.72999745999492E-5,0.0007820802641605));
#4031=CARTESIAN_POINT('',(-0.000387299974600003,-0.001308992635242,0.001714160528321));
#4032=CARTESIAN_POINT('Origin',(0.000662700025399997,-0.001308992635242,
0.001714160528321));
#4033=CARTESIAN_POINT('',(0.00220918039019892,-8.72999745999493E-5,0.001714160528321));
#4034=CARTESIAN_POINT('',(0.000662700025399997,-8.72999745999492E-5,0.001714160528321));
#4035=CARTESIAN_POINT('',(0.00171270002539999,0.00701270002540005,0.001714160528321));
#4036=CARTESIAN_POINT('Origin',(0.00171270002539999,0.00701270002540005,
0.0033141604462435));
#4037=CARTESIAN_POINT('',(0.00171270002539999,0.00701270002540005,0.002714160528321));
#4038=CARTESIAN_POINT('',(0.00171270002539999,0.00701270002540005,0.00342765469110839));
#4039=CARTESIAN_POINT('',(0.00171270002539999,0.00701270002540005,0.0033141604462435));
#4040=CARTESIAN_POINT('',(0.00220918039019892,-8.72999745999492E-5,0.00292314921573993));
#4041=CARTESIAN_POINT('Ctrl Pts',(0.0017127000254,0.00701270002540007,0.00342765469110839));
#4042=CARTESIAN_POINT('Ctrl Pts',(0.00187813325170101,0.00464689466830706,
0.0032475566040823));
#4043=CARTESIAN_POINT('Ctrl Pts',(0.00204363610148048,0.00228009364907047,
0.00308086852786556));
#4044=CARTESIAN_POINT('Ctrl Pts',(0.00220918039019892,-8.72999745999494E-5,
0.00292314921573993));
#4045=CARTESIAN_POINT('',(0.00220918039019892,-8.72999745999492E-5,0.0033141604462435));
#4046=CARTESIAN_POINT('',(0.00171270002539999,0.00701270002540005,0.002714160528321));
#4047=CARTESIAN_POINT('Origin',(0.0023127000254,0.00701270002540005,0.006964160446243));
#4048=CARTESIAN_POINT('',(0.00249396975880118,-8.72999743258259E-5,0.00322206791960834));
#4049=CARTESIAN_POINT('',(0.00604857143839343,-8.72999739711498E-5,0.00724590507989266));
#4050=CARTESIAN_POINT('Origin',(0.0023127000254,-8.72999745999492E-5,0.006964160446243));
#4051=CARTESIAN_POINT('',(0.00203732641922314,0.007012700026001,0.00372584769212944));
#4052=CARTESIAN_POINT('Ctrl Pts',(0.00249396976119235,-8.72999745999493E-5,
0.00322206792911977));
#4053=CARTESIAN_POINT('Ctrl Pts',(0.00234008888974676,0.00227993390396971,
0.00338034104226126));
#4054=CARTESIAN_POINT('Ctrl Pts',(0.00218764103020406,0.00464669978405159,
0.00354702157489405));
#4055=CARTESIAN_POINT('Ctrl Pts',(0.00203732642261873,0.00701270002540005,
0.00372584770981817));
#4056=CARTESIAN_POINT('',(0.0054789117942716,0.0070127000267701,0.00769737478469139));
#4057=CARTESIAN_POINT('Origin',(0.0023127000254,0.00701270002540005,0.006964160446243));
#4058=CARTESIAN_POINT('Ctrl Pts',(0.00547891175958231,0.00701270002540005,
0.00769737477665821));
#4059=CARTESIAN_POINT('Ctrl Pts',(0.00568305945172953,0.00464706338605434,
0.00754904819389625));
#4060=CARTESIAN_POINT('Ctrl Pts',(0.00587105555991805,0.00228022342956651,
0.00739829130587999));
#4061=CARTESIAN_POINT('Ctrl Pts',(0.00604857142125696,-8.72999745999493E-5,
0.00724590507785409));
#4062=CARTESIAN_POINT('Origin',(0.011000021590043,0.00701270002540005,0.008064160446243));
#4063=CARTESIAN_POINT('',(0.019287343154686,-8.72999745999501E-5,0.00756768008144408));
#4064=CARTESIAN_POINT('',(0.00634699319086638,-8.72999745999499E-5,0.00756768008144408));
#4065=CARTESIAN_POINT('',(0.011000021590043,-8.72999745999501E-5,0.00756768008144408));
#4066=CARTESIAN_POINT('',(0.0057704655135698,0.00701270002540005,0.008064160446243));
#4067=CARTESIAN_POINT('Ctrl Pts',(0.00634699319086638,-8.72999745999494E-5,
0.00756768008144407));
#4068=CARTESIAN_POINT('Ctrl Pts',(0.00616846709911583,0.00228045177681073,
0.0077332494128932));
#4069=CARTESIAN_POINT('Ctrl Pts',(0.00597854698604355,0.00464734703013644,
0.00789875885216089));
#4070=CARTESIAN_POINT('Ctrl Pts',(0.00577046551356981,0.00701270002540005,
0.00806416044624298));
#4071=CARTESIAN_POINT('',(0.019287343154686,0.00701270002540005,0.008064160446243));
#4072=CARTESIAN_POINT('',(0.011000021590043,0.00701270002540005,0.008064160446243));
#4073=CARTESIAN_POINT('',(0.019287343154686,0.00701270002540005,0.008064160446243));
#4074=CARTESIAN_POINT('Origin',(0.019287343154686,0.00701270002540005,0.007064160446243));
#4075=CARTESIAN_POINT('',(0.0197908627898871,-8.72999745999501E-5,0.007064160446243));
#4076=CARTESIAN_POINT('',(0.020287343154686,0.00701270002540005,0.007064160446243));
#4077=CARTESIAN_POINT('',(0.020287343154686,0.00701270002540005,0.007064160446243));
#4078=CARTESIAN_POINT('Origin',(0.019287343154686,-8.72999745999501E-5,
0.007064160446243));
#4079=CARTESIAN_POINT('Origin',(0.019287343154686,0.00701270002540005,0.007064160446243));
#4080=CARTESIAN_POINT('Origin',(0.021337343154686,-0.001308992635242,0.001714160528321));
#4081=CARTESIAN_POINT('',(0.0197908627898871,-8.729997459995E-5,0.001714160528321));
#4082=CARTESIAN_POINT('',(0.021337343154686,-8.72999745999501E-5,0.001714160528321));
#4083=CARTESIAN_POINT('',(0.020287343154686,0.00701270002540005,0.001714160528321));
#4084=CARTESIAN_POINT('Origin',(0.020287343154686,0.00701270002540005,0.0033141604462435));
#4085=CARTESIAN_POINT('',(0.0197908627898871,-8.72999745999501E-5,0.0033141604462435));
#4086=CARTESIAN_POINT('',(0.020287343154686,0.00701270002540005,0.00271416052832099));
#4087=CARTESIAN_POINT('',(0.020287343154686,0.00701270002540005,0.0033141604462435));
#4088=CARTESIAN_POINT('',(0.0202896544883599,0.00704575363687807,0.00271416052832099));
#4089=CARTESIAN_POINT('Origin',(0.012693674117348,-0.001308992635242,-0.004035839553756));
#4090=CARTESIAN_POINT('',(0.019787343154686,-0.000556992635241978,-0.004035839553756));
#4091=CARTESIAN_POINT('',(0.019787343154686,-0.001308992635242,-0.004035839553756));
#4092=CARTESIAN_POINT('',(0.0022127000254,-0.000556992635241976,-0.004035839553756));
#4093=CARTESIAN_POINT('',(0.0022127000254,-0.000556992635241978,-0.004035839553756));
#4094=CARTESIAN_POINT('',(0.0022127000254,-0.001308992635242,-0.004035839553756));
#4095=CARTESIAN_POINT('Origin',(0.019787343154686,-0.001308992635242,-0.000435839553756008));
#4096=CARTESIAN_POINT('',(0.023387343154686,-0.000556992635241991,-0.000435839553756003));
#4097=CARTESIAN_POINT('',(0.023387343154686,-0.001308992635242,-0.000435839553756003));
#4098=CARTESIAN_POINT('Origin',(0.019787343154686,-0.000556992635241991,
-0.000435839553756008));
#4099=CARTESIAN_POINT('Origin',(0.023387343154686,-0.001308992635242,0.00628595998332774));
#4100=CARTESIAN_POINT('',(0.023387343154686,-0.000556992635242014,0.007064160446243));
#4101=CARTESIAN_POINT('',(0.023387343154686,-0.001308992635242,0.007064160446243));
#4102=CARTESIAN_POINT('',(0.023387343154686,-0.000556992635241988,-0.000435839553756));
#4103=CARTESIAN_POINT('Origin',(0.019787343154686,-0.001308992635242,0.007064160446243));
#4104=CARTESIAN_POINT('',(0.019787343154686,-0.000556992635242024,0.010664160446243));
#4105=CARTESIAN_POINT('',(0.019787343154686,-0.001308992635242,0.010664160446243));
#4106=CARTESIAN_POINT('Origin',(0.019787343154686,-0.000556992635242014,
0.007064160446243));
#4107=CARTESIAN_POINT('Origin',(0.012693674117348,-0.001308992635242,0.010664160446243));
#4108=CARTESIAN_POINT('',(0.0022127000254,-0.000556992635242024,0.010664160446243));
#4109=CARTESIAN_POINT('',(0.0022127000254,-0.001308992635242,0.010664160446243));
#4110=CARTESIAN_POINT('',(0.019787343154686,-0.000556992635242024,0.010664160446243));
#4111=CARTESIAN_POINT('Origin',(0.00221270002540001,-0.001308992635242,
0.007064160446243));
#4112=CARTESIAN_POINT('',(-0.0013872999746,-0.000556992635242012,0.007064160446243));
#4113=CARTESIAN_POINT('',(-0.0013872999746,-0.001308992635242,0.007064160446243));
#4114=CARTESIAN_POINT('Origin',(0.00221270002540001,-0.000556992635242012,
0.007064160446243));
#4115=CARTESIAN_POINT('Origin',(0.0022127000254,-0.001308992635242,-0.000435839553756008));
#4116=CARTESIAN_POINT('',(-0.0013872999746,-0.000556992635241988,-0.000435839553756003));
#4117=CARTESIAN_POINT('Origin',(0.0022127000254,-0.000556992635241988,-0.000435839553756008));
#4118=CARTESIAN_POINT('',(-0.0013872999746,-0.001308992635242,-0.000435839553756003));
#4119=CARTESIAN_POINT('Origin',(-0.0013872999746,-0.001308992635242,0.0033141604462435));
#4120=CARTESIAN_POINT('',(-0.0013872999746,-0.000556992635242001,0.0033141604462435));
#4121=CARTESIAN_POINT('Origin',(0.015448994157987,-0.001306992635242,0.002914160477995));
#4122=CARTESIAN_POINT('',(0.022637343154686,-0.00130699263524199,-0.000435839553756005));
#4123=CARTESIAN_POINT('',(0.022637343154686,-0.00130699263524201,0.007064160446243));
#4124=CARTESIAN_POINT('',(0.022637343154686,-0.00130699263524201,0.007064160446243));
#4125=CARTESIAN_POINT('',(0.019787343154686,-0.00130699263524202,0.009914160446243));
#4126=CARTESIAN_POINT('Origin',(0.019787343154686,-0.00130699263524201,
0.007064160446243));
#4127=CARTESIAN_POINT('',(0.0022127000254,-0.00130699263524202,0.009914160446243));
#4128=CARTESIAN_POINT('',(0.0022127000254,-0.00130699263524202,0.009914160446243));
#4129=CARTESIAN_POINT('',(-0.000637299974599998,-0.00130699263524201,0.007064160446243));
#4130=CARTESIAN_POINT('Origin',(0.00221270002540001,-0.00130699263524201,
0.007064160446243));
#4131=CARTESIAN_POINT('',(-0.000637299974600002,-0.00130699263524199,-0.000435839553756006));
#4132=CARTESIAN_POINT('',(-0.000637299974600002,-0.001306992635242,0.002914160477995));
#4133=CARTESIAN_POINT('',(0.0022127000254,-0.00130699263524198,-0.00328583955375601));
#4134=CARTESIAN_POINT('Origin',(0.0022127000254,-0.00130699263524199,-0.000435839553756012));
#4135=CARTESIAN_POINT('',(0.019787343154686,-0.00130699263524198,-0.00328583955375601));
#4136=CARTESIAN_POINT('',(0.019787343154686,-0.00130699263524198,-0.00328583955375601));
#4137=CARTESIAN_POINT('Origin',(0.019787343154686,-0.00130699263524199,
-0.000435839553756012));
#4138=CARTESIAN_POINT('',(0.0023127000254,-0.00130699263524202,0.009464160446243));
#4139=CARTESIAN_POINT('Origin',(0.0023127000254,-0.00130699263524201,0.006964160446243));
#4140=CARTESIAN_POINT('',(0.0142189941579865,-0.00130699263524201,0.0051241604779935));
#4141=CARTESIAN_POINT('',(0.007778994157989,-0.00130699263524201,0.0051241604779935));
#4142=CARTESIAN_POINT('',(0.0109989941579877,-0.00130699263524201,0.0051241604779935));
#4143=CARTESIAN_POINT('',(0.0157689941579865,-0.001306992635242,0.0035741604779935));
#4144=CARTESIAN_POINT('Origin',(0.0142189941579865,-0.001306992635242,0.0035741604779935));
#4145=CARTESIAN_POINT('',(0.0157689941579865,-0.001306992635242,0.0029141604779955));
#4146=CARTESIAN_POINT('',(0.0157689941579865,-0.001306992635242,0.0032441604779945));
#4147=CARTESIAN_POINT('',(0.0142189941579865,-0.00130699263524199,0.0013641604779955));
#4148=CARTESIAN_POINT('Origin',(0.0142189941579865,-0.001306992635242,0.0029141604779955));
#4149=CARTESIAN_POINT('',(0.007778994157989,-0.00130699263524199,0.0013641604779955));
#4150=CARTESIAN_POINT('',(0.0109989941579877,-0.00130699263524199,0.0013641604779955));
#4151=CARTESIAN_POINT('',(0.006228994157989,-0.001306992635242,0.0029141604779955));
#4152=CARTESIAN_POINT('Origin',(0.007778994157989,-0.001306992635242,0.0029141604779955));
#4153=CARTESIAN_POINT('',(0.006228994157989,-0.001306992635242,0.0035741604779935));
#4154=CARTESIAN_POINT('',(0.006228994157989,-0.001306992635242,0.0032441604779945));
#4155=CARTESIAN_POINT('Origin',(0.007778994157989,-0.001306992635242,0.0035741604779935));
#4156=CARTESIAN_POINT('Origin',(0.020000038100076,-8.729997459995E-5,-3.491481338843E-19));
#4157=CARTESIAN_POINT('Ctrl Pts',(0.00220918039019892,-8.72999745999505E-5,
0.00292314921573993));
#4158=CARTESIAN_POINT('Ctrl Pts',(0.00220918039331115,-8.72999745999505E-5,
0.00296091419275473));
#4159=CARTESIAN_POINT('Ctrl Pts',(0.00221629733626152,-8.72999745999476E-5,
0.00299833860837979));
#4160=CARTESIAN_POINT('Ctrl Pts',(0.00224432024208022,-8.72999745999476E-5,
0.00306917685958014));
#4161=CARTESIAN_POINT('Ctrl Pts',(0.00226519762226085,-8.72999745888974E-5,
0.00310183759299016));
#4162=CARTESIAN_POINT('Ctrl Pts',(0.00231819263656363,-8.72999745888974E-5,
0.00315746338727469));
#4163=CARTESIAN_POINT('Ctrl Pts',(0.00234980162465976,-8.7299974599952E-5,
0.00317989616997896));
#4164=CARTESIAN_POINT('Ctrl Pts',(0.00241920178155825,-8.7299974599952E-5,
0.00321131869100783));
#4165=CARTESIAN_POINT('Ctrl Pts',(0.00245624339680997,-8.72999745999501E-5,
0.00322024041619759));
#4166=CARTESIAN_POINT('Ctrl Pts',(0.00249396975809517,-8.72999745999501E-5,
0.00322206790939386));
#4167=CARTESIAN_POINT('Ctrl Pts',(0.00604857145613954,-8.72999745999493E-5,
0.00724590508141468));
#4168=CARTESIAN_POINT('Ctrl Pts',(0.00604697658953778,-8.72999745999493E-5,
0.00726705266671174));
#4169=CARTESIAN_POINT('Ctrl Pts',(0.00604762148166697,-8.72999745999494E-5,
0.00728830938816179));
#4170=CARTESIAN_POINT('Ctrl Pts',(0.00605358568059059,-8.72999745999494E-5,
0.00733180402225683));
#4171=CARTESIAN_POINT('Ctrl Pts',(0.00605921014677094,-8.72999745999494E-5,
0.00735386428372361));
#4172=CARTESIAN_POINT('Ctrl Pts',(0.00608092004719735,-8.72999745999494E-5,
0.00741096240342535));
#4173=CARTESIAN_POINT('Ctrl Pts',(0.00610134371662666,-8.72999745649216E-5,
0.00744387760706876));
#4174=CARTESIAN_POINT('Ctrl Pts',(0.00615355850512787,-8.72999745649216E-5,
0.00750017695313337));
#4175=CARTESIAN_POINT('Ctrl Pts',(0.00618484843982702,-8.72999745999492E-5,
0.00752301877085139));
#4176=CARTESIAN_POINT('Ctrl Pts',(0.00624015283845432,-8.72999745999492E-5,
0.00754895728508701));
#4177=CARTESIAN_POINT('Ctrl Pts',(0.00626172364459117,-8.72999745999493E-5,
0.00755622253964087));
#4178=CARTESIAN_POINT('Ctrl Pts',(0.00630464077424621,-8.72999745999493E-5,
0.00756543879303343));
#4179=CARTESIAN_POINT('Ctrl Pts',(0.00632578716544304,-8.72999745999495E-5,
0.00756768007840613));
#4180=CARTESIAN_POINT('Ctrl Pts',(0.00634699319086638,-8.72999745999495E-5,
0.00756768008144407));
#4181=CARTESIAN_POINT('Ctrl Pts',(0.0200914706883565,-8.72999745999516E-5,
-0.00015));
#4182=CARTESIAN_POINT('Ctrl Pts',(0.0200521174172256,-8.72999745999516E-5,
-0.000150000000073502));
#4183=CARTESIAN_POINT('Ctrl Pts',(0.0200131374085854,-8.72999745999487E-5,
-0.00015770570897431));
#4184=CARTESIAN_POINT('Ctrl Pts',(0.0199410137737517,-8.72999745999487E-5,
-0.000187397602761293));
#4185=CARTESIAN_POINT('Ctrl Pts',(0.0199084416305251,-8.72999745985266E-5,
-0.000208850793229138));
#4186=CARTESIAN_POINT('Ctrl Pts',(0.0198532352532935,-8.72999745985266E-5,
-0.000262896913372077));
#4187=CARTESIAN_POINT('Ctrl Pts',(0.0198311093998039,-8.72999745999518E-5,
-0.000294977976973367));
#4188=CARTESIAN_POINT('Ctrl Pts',(0.0197999419521313,-8.72999745999518E-5,
-0.000366483666635578));
#4189=CARTESIAN_POINT('Ctrl Pts',(0.0197914792288173,-8.72999745999492E-5,
-0.000405338782446081));
#4190=CARTESIAN_POINT('Ctrl Pts',(0.019790784452121,-8.72999745999492E-5,
-0.00044472117029213));
#4191=CARTESIAN_POINT('Ctrl Pts',(0.00220925872796492,-8.72999745999488E-5,
-0.000444721170292132));
#4192=CARTESIAN_POINT('Ctrl Pts',(0.00220856395133334,-8.72999745999488E-5,
-0.000405338786108256));
#4193=CARTESIAN_POINT('Ctrl Pts',(0.00220010122952798,-8.72999745999492E-5,
-0.000366483673825447));
#4194=CARTESIAN_POINT('Ctrl Pts',(0.00216893378597579,-8.72999745999492E-5,
-0.000294977986525798));
#4195=CARTESIAN_POINT('Ctrl Pts',(0.00214680793376112,-8.72999745985214E-5,
-0.000262896922231693));
#4196=CARTESIAN_POINT('Ctrl Pts',(0.0020916015585817,-8.72999745985214E-5,
-0.000208850800021138));
#4197=CARTESIAN_POINT('Ctrl Pts',(0.0020590294160384,-8.72999745999492E-5,
-0.000187397608274758));
#4198=CARTESIAN_POINT('Ctrl Pts',(0.00198690577875967,-8.72999745999492E-5,
-0.000157705710416226));
#4199=CARTESIAN_POINT('Ctrl Pts',(0.00194792576654238,-8.72999745999489E-5,
-0.000150000000073474));
#4200=CARTESIAN_POINT('Ctrl Pts',(0.00190857249172948,-8.72999745999489E-5,
-0.00015));
#4201=CARTESIAN_POINT('',(0.007778994157989,-8.72999745999492E-5,0.0051241604779935));
#4202=CARTESIAN_POINT('',(0.0142189941579865,-8.72999745999501E-5,0.0051241604779935));
#4203=CARTESIAN_POINT('',(0.0109989941579877,-8.72999745999501E-5,0.0051241604779935));
#4204=CARTESIAN_POINT('',(0.006228994157989,-8.72999745999492E-5,0.0035741604779935));
#4205=CARTESIAN_POINT('Origin',(0.007778994157989,-8.72999745999492E-5,
0.0035741604779935));
#4206=CARTESIAN_POINT('',(0.006228994157989,-8.72999745999492E-5,0.0029141604779955));
#4207=CARTESIAN_POINT('',(0.006228994157989,-8.72999745999492E-5,0.00324416047799453));
#4208=CARTESIAN_POINT('',(0.007778994157989,-8.72999745999501E-5,0.0013641604779955));
#4209=CARTESIAN_POINT('Origin',(0.007778994157989,-8.72999745999492E-5,
0.0029141604779955));
#4210=CARTESIAN_POINT('',(0.0142189941579865,-8.72999745999501E-5,0.0013641604779955));
#4211=CARTESIAN_POINT('',(0.0109989941579877,-8.72999745999501E-5,0.0013641604779955));
#4212=CARTESIAN_POINT('',(0.0157689941579865,-8.72999745999501E-5,0.0029141604779955));
#4213=CARTESIAN_POINT('Origin',(0.0142189941579865,-8.72999745999501E-5,
0.0029141604779955));
#4214=CARTESIAN_POINT('',(0.0157689941579865,-8.72999745999501E-5,0.00357416047799351));
#4215=CARTESIAN_POINT('',(0.0157689941579865,-8.72999745999501E-5,0.00324416047799453));
#4216=CARTESIAN_POINT('Origin',(0.0142189941579865,-8.72999745999501E-5,
0.00357416047799351));
#4217=CARTESIAN_POINT('Origin',(0.0027127000254,0.00701270002540005,-0.000435839553756004));
#4218=CARTESIAN_POINT('',(0.000762700025399996,0.00651270002540005,-0.000435839553756005));
#4219=CARTESIAN_POINT('',(0.000762700025399996,0.00701270002540005,-0.000435839553756005));
#4220=CARTESIAN_POINT('',(0.0027127000254,0.00651270002540005,-0.00238583955375601));
#4221=CARTESIAN_POINT('Origin',(0.0027127000254,0.00651270002540005,-0.000435839553756004));
#4222=CARTESIAN_POINT('',(0.0027127000254,0.00701270002540005,-0.00238583955375601));
#4223=CARTESIAN_POINT('Origin',(0.0012377000254,0.00701270002540005,-0.000435839553756005));
#4224=CARTESIAN_POINT('',(0.00171244199342735,0.00701270002540005,-0.000435839553756005));
#4225=CARTESIAN_POINT('',(0.00199217037318017,0.00301270002259417,-0.000435839555656613));
#4226=CARTESIAN_POINT('',(0.00105137515999481,0.00701270002540005,-0.000435839553756005));
#4227=CARTESIAN_POINT('',(0.0012377000254,0.00701270002540005,-0.000435839553756005));
#4228=CARTESIAN_POINT('',(0.0027127000254,0.00989019910015936,-0.000435839553756005));
#4229=CARTESIAN_POINT('Origin',(0.020762343154686,0.00701270002540005,-0.000435839553756004));
#4230=CARTESIAN_POINT('',(0.0202876011866585,0.00701270002540005,-0.000435839553756004));
#4231=CARTESIAN_POINT('',(0.0209486680200912,0.00701270002540005,-0.000435839553756004));
#4232=CARTESIAN_POINT('',(0.020762343154686,0.00701270002540005,-0.000435839553756004));
#4233=CARTESIAN_POINT('',(0.0202876011866675,0.00701270002539942,-0.000435839553756431));
#4234=CARTESIAN_POINT('',(0.021237343154686,0.00651270002540005,-0.000435839553756004));
#4235=CARTESIAN_POINT('',(0.021237343154686,0.00701270002540005,-0.000435839553756004));
#4236=CARTESIAN_POINT('',(0.019287343154686,0.00989019910015936,-0.000435839553756004));
#4237=CARTESIAN_POINT('Origin',(0.019287343154686,0.00701270002540005,-0.000435839553756005));
#4238=CARTESIAN_POINT('',(0.019287343154686,0.00651270002540005,-0.002385839553756));
#4239=CARTESIAN_POINT('',(0.019287343154686,0.00701270002540005,-0.002385839553756));
#4240=CARTESIAN_POINT('Origin',(0.019287343154686,0.00651270002540005,-0.000435839553756005));
#4241=CARTESIAN_POINT('Origin',(0.011000021590043,0.00701270002540005,-0.002385839553756));
#4242=CARTESIAN_POINT('',(0.019287343154686,0.00651270002540005,-0.002385839553756));
#4243=CARTESIAN_POINT('Origin',(0.011000021590043,0.00701270002540005,0.0033141604462435));
#4244=CARTESIAN_POINT('Origin',(0.0205895057911596,0.00701270180490877,
-0.000450043753468557));
#4245=CARTESIAN_POINT('',(0.019287343154686,0.00701270002540005,-0.00209716441916119));
#4246=CARTESIAN_POINT('Origin',(0.019287343154686,0.00701270002540005,-0.000435839553756005));
#4247=CARTESIAN_POINT('',(0.0027127000254,0.00701270002540005,-0.00209716441916119));
#4248=CARTESIAN_POINT('',(0.0027127000254,0.00701270002540005,-0.00209716441916119));
#4249=CARTESIAN_POINT('Origin',(0.0027127000254,0.00701270002540005,-0.000435839553756004));
#4250=CARTESIAN_POINT('Origin',(0.00141053790923365,0.00701270180491247,
-0.00045004374012241));
#4251=CARTESIAN_POINT('Origin',(0.021237343154686,0.00701270002540005,0.004889160487282));
#4252=CARTESIAN_POINT('',(0.021237343154686,0.00651270002540005,0.00271416052832099));
#4253=CARTESIAN_POINT('',(0.021237343154686,0.00701270002540005,0.00271416052832099));
#4254=CARTESIAN_POINT('',(0.021237343154686,0.00651270002540005,0.007064160446243));
#4255=CARTESIAN_POINT('',(0.021237343154686,0.00651270002540005,0.004889160487282));
#4256=CARTESIAN_POINT('',(0.021237343154686,0.00701270002540005,0.007064160446243));
#4257=CARTESIAN_POINT('Origin',(0.020762343154686,0.00701270002540005,0.00271416052832099));
#4258=CARTESIAN_POINT('',(0.0209486680200912,0.00701270002540005,0.00271416052832099));
#4259=CARTESIAN_POINT('',(0.020762343154686,0.00701270002540005,0.00271416052832099));
#4260=CARTESIAN_POINT('',(0.021237343154686,0.00651270002540005,0.00271416052832099));
#4261=CARTESIAN_POINT('Origin',(0.0012377000254,0.00701270002540005,0.002714160528321));
#4262=CARTESIAN_POINT('',(0.000762700025399998,0.00651270002540005,0.002714160528321));
#4263=CARTESIAN_POINT('',(0.000762700025399998,0.00701270002540005,0.002714160528321));
#4264=CARTESIAN_POINT('',(0.00105137515999481,0.00701270002540005,0.002714160528321));
#4265=CARTESIAN_POINT('',(0.00109795637634611,0.00709338105879885,0.002714160528321));
#4266=CARTESIAN_POINT('',(0.0012377000254,0.00701270002540005,0.002714160528321));
#4267=CARTESIAN_POINT('Origin',(0.000762700025399998,0.00701270002540005,
0.00324209286191355));
#4268=CARTESIAN_POINT('',(0.000762700025399998,0.00651270002540005,0.00377002519550611));
#4269=CARTESIAN_POINT('',(0.000762700025399998,0.00701270002540005,0.00377002519550611));
#4270=CARTESIAN_POINT('',(0.000762700025399998,0.00651270002540005,0.002714160528321));
#4271=CARTESIAN_POINT('Origin',(0.00171270002539999,0.00701270002540005,
0.00377002519550611));
#4272=CARTESIAN_POINT('',(0.00188808464078461,0.00651270002540005,0.00470369549956766));
#4273=CARTESIAN_POINT('',(0.00188808464078461,0.00701270002540005,0.00470369549956766));
#4274=CARTESIAN_POINT('Origin',(0.00171270002539999,0.00651270002540005,
0.00377002519550611));
#4275=CARTESIAN_POINT('Origin',(0.0023127000254,0.00701270002540005,0.006964160446243));
#4276=CARTESIAN_POINT('',(0.00447695454673895,0.00651270002540005,0.00774262198470454));
#4277=CARTESIAN_POINT('',(0.00447695454673895,0.00701270002540005,0.00774262198470454));
#4278=CARTESIAN_POINT('Origin',(0.0023127000254,0.00651270002540005,0.006964160446243));
#4279=CARTESIAN_POINT('Origin',(0.0053708857620746,0.00701270002540005,
0.008064160446243));
#4280=CARTESIAN_POINT('',(0.0053708857620746,0.00651270002540005,0.009014160446243));
#4281=CARTESIAN_POINT('',(0.0053708857620746,0.00701270002540005,0.009014160446243));
#4282=CARTESIAN_POINT('Origin',(0.0053708857620746,0.00651270002540005,
0.008064160446243));
#4283=CARTESIAN_POINT('Origin',(0.0123291144583803,0.00701270002540005,
0.009014160446243));
#4284=CARTESIAN_POINT('',(0.019287343154686,0.00651270002540005,0.009014160446243));
#4285=CARTESIAN_POINT('',(0.019287343154686,0.00701270002540005,0.009014160446243));
#4286=CARTESIAN_POINT('',(0.0123291144583803,0.00651270002540005,0.009014160446243));
#4287=CARTESIAN_POINT('Origin',(0.019287343154686,0.00701270002540005,0.007064160446243));
#4288=CARTESIAN_POINT('Origin',(0.019287343154686,0.00651270002540005,0.007064160446243));
#4289=CARTESIAN_POINT('Origin',(0.011000021590043,0.00701270002540005,0.0033141604462435));
#4290=CARTESIAN_POINT('',(0.00105137515999481,0.00701270002540005,0.00377002519550611));
#4291=CARTESIAN_POINT('',(0.00105137515999481,0.00701270002540005,0.00377002519550611));
#4292=CARTESIAN_POINT('',(0.00183479076978249,0.00701270002540005,0.00441998244620751));
#4293=CARTESIAN_POINT('Origin',(0.00171270002539999,0.00701270002540005,
0.00377002519550611));
#4294=CARTESIAN_POINT('',(0.00474859214032372,0.00701270002540005,0.00784032741487509));
#4295=CARTESIAN_POINT('Origin',(0.0023127000254,0.00701270002540005,0.006964160446243));
#4296=CARTESIAN_POINT('',(0.0053708857620746,0.00701270002540005,0.00872548531164819));
#4297=CARTESIAN_POINT('Origin',(0.0053708857620746,0.00701270002540005,
0.008064160446243));
#4298=CARTESIAN_POINT('',(0.019287343154686,0.00701270002540005,0.00872548531164819));
#4299=CARTESIAN_POINT('',(0.011000021590043,0.00701270002540005,0.00872548531164819));
#4300=CARTESIAN_POINT('',(0.0209486680200912,0.00701270002540005,0.007064160446243));
#4301=CARTESIAN_POINT('Origin',(0.019287343154686,0.00701270002540005,0.007064160446243));
#4302=CARTESIAN_POINT('',(0.0209486680200912,0.00701270002540005,0.0033141604462435));
#4303=CARTESIAN_POINT('Ctrl Pts',(0.0057704655135698,0.00701270002540005,
0.00806416044624298));
#4304=CARTESIAN_POINT('Ctrl Pts',(0.00574577340979315,0.00701270002540005,
0.00806416043887016));
#4305=CARTESIAN_POINT('Ctrl Pts',(0.0057211748238299,0.00701270002540005,
0.00806112785969866));
#4306=CARTESIAN_POINT('Ctrl Pts',(0.00567115447754606,0.00701270002540005,
0.0080485747303201));
#4307=CARTESIAN_POINT('Ctrl Pts',(0.00564608189568032,0.00701270002540005,
0.00803856024149707));
#4308=CARTESIAN_POINT('Ctrl Pts',(0.00558929467720691,0.00701270002540005,
0.00800644464129957));
#4309=CARTESIAN_POINT('Ctrl Pts',(0.00555986042396582,0.00701270002548373,
0.00798131479935709));
#4310=CARTESIAN_POINT('Ctrl Pts',(0.00551212305107454,0.00701270002548373,
0.00792126419523098));
#4311=CARTESIAN_POINT('Ctrl Pts',(0.0054942803012248,0.00701270002540005,
0.0078869254251454));
#4312=CARTESIAN_POINT('Ctrl Pts',(0.00547579514353054,0.00701270002540005,
0.00782435483552336));
#4313=CARTESIAN_POINT('Ctrl Pts',(0.00547169186367322,0.00701270002540005,
0.00779766056669905));
#4314=CARTESIAN_POINT('Ctrl Pts',(0.00547074530949703,0.00701270002540005,
0.00774608544744182));
#4315=CARTESIAN_POINT('Ctrl Pts',(0.00547334043990359,0.00701270002540005,
0.00772143348171064));
#4316=CARTESIAN_POINT('Ctrl Pts',(0.00547891183012015,0.00701270002540005,
0.00769737479299302));
#4317=CARTESIAN_POINT('Ctrl Pts',(0.00203732641719396,0.00701270002540005,
0.00372584767374192));
#4318=CARTESIAN_POINT('Ctrl Pts',(0.00201597484583154,0.00701270002540005,
0.00372766333247666));
#4319=CARTESIAN_POINT('Ctrl Pts',(0.00199449063045652,0.00701270002540005,
0.00372719367692395));
#4320=CARTESIAN_POINT('Ctrl Pts',(0.00195047534858239,0.00701270002540005,
0.00372148843684967));
#4321=CARTESIAN_POINT('Ctrl Pts',(0.00192812572797556,0.00701270002540005,
0.00371593464477086));
#4322=CARTESIAN_POINT('Ctrl Pts',(0.00187068261830377,0.00701270002540005,
0.003694406630201));
#4323=CARTESIAN_POINT('Ctrl Pts',(0.00183767237776771,0.00701270002542466,
0.00367414166007615));
#4324=CARTESIAN_POINT('Ctrl Pts',(0.00178112737641697,0.00701270002542466,
0.00362219915341854));
#4325=CARTESIAN_POINT('Ctrl Pts',(0.00175813760022187,0.00701270002540005,
0.00359102018495375));
#4326=CARTESIAN_POINT('Ctrl Pts',(0.00173182448959805,0.00701270002540005,
0.00353560709286605));
#4327=CARTESIAN_POINT('Ctrl Pts',(0.001724399723581,0.00701270002540005,
0.00351381319448598));
#4328=CARTESIAN_POINT('Ctrl Pts',(0.00171498794882741,0.00701270002540005,
0.00347044656009137));
#4329=CARTESIAN_POINT('Ctrl Pts',(0.00171270002863987,0.00701270002540005,
0.00344908137250971));
#4330=CARTESIAN_POINT('Ctrl Pts',(0.0017127000254,0.00701270002540005,0.00342765469110839));
#4331=CARTESIAN_POINT('Origin',(0.019287343154686,0.00651270002540005,-0.000435839553756005));
#4332=CARTESIAN_POINT('',(0.019287343154686,0.00701270002540005,-0.00209716441916119));
#4333=CARTESIAN_POINT('Origin',(0.011000021590043,0.00701270002540005,-0.00209716441916119));
#4334=CARTESIAN_POINT('',(0.0027127000254,0.00701270002540005,-0.00209716441916119));
#4335=CARTESIAN_POINT('Origin',(0.0027127000254,0.00701270002540005,-0.000435839553756004));
#4336=CARTESIAN_POINT('Origin',(0.021237343154686,0.00651270002540005,0.004889160487282));
#4337=CARTESIAN_POINT('',(0.021237343154686,0.00651270002540005,0.007064160446243));
#4338=CARTESIAN_POINT('Origin',(0.019287343154686,0.00651270002540005,0.007064160446243));
#4339=CARTESIAN_POINT('',(0.019287343154686,0.00651270002540005,0.009014160446243));
#4340=CARTESIAN_POINT('Origin',(0.0123291144583803,0.00651270002540005,
0.009014160446243));
#4341=CARTESIAN_POINT('',(0.0053708857620746,0.00651270002540005,0.009014160446243));
#4342=CARTESIAN_POINT('Origin',(0.0053708857620746,0.00701270002540005,
0.008064160446243));
#4343=CARTESIAN_POINT('',(0.00447695454673895,0.00651270002540005,0.00774262198470454));
#4344=CARTESIAN_POINT('Origin',(0.0023127000254,0.00701270002540005,0.006964160446243));
#4345=CARTESIAN_POINT('',(0.00188808464078461,0.00651270002540005,0.00470369549956767));
#4346=CARTESIAN_POINT('Origin',(0.00171270002539999,0.00701270002540005,
0.00377002519550611));
#4347=CARTESIAN_POINT('',(0.000762700025399998,0.00651270002540005,0.00377002519550611));
#4348=CARTESIAN_POINT('Origin',(0.00105137515999481,0.00701270002540005,
0.0033141604462435));
#4349=CARTESIAN_POINT('Origin',(0.0023127000254,-0.000806992635242014,0.006964160446243));
#4350=CARTESIAN_POINT('',(0.0023127000254,-0.000806992635242023,0.009464160446243));
#4351=CARTESIAN_POINT('Origin',(0.0023127000254,-0.000806992635242014,0.006964160446243));
#4352=CARTESIAN_POINT('',(0.0023127000254,-0.000806992635242023,0.009464160446243));
#4353=CARTESIAN_POINT('Origin',(0.0023127000254,0.000193007364757986,0.006964160446243));
#4354=CARTESIAN_POINT('',(0.0023127000254,0.000193007364757986,0.008464160446243));
#4355=CARTESIAN_POINT('Ctrl Pts',(0.0202902642932624,0.00705532225542553,
-0.000446745796301862));
#4356=CARTESIAN_POINT('Ctrl Pts',(0.0202934755444068,0.0070550976895939,
-0.00015));
#4357=CARTESIAN_POINT('Ctrl Pts',(0.0205895158149823,0.00703439531330229,
-0.00015));
#4358=CARTESIAN_POINT('Ctrl Pts',(0.0201227790144769,0.00466024770573195,
-0.000446327279164395));
#4359=CARTESIAN_POINT('Ctrl Pts',(0.0201265139887898,0.00466164615438326,
-0.000150000000000045));
#4360=CARTESIAN_POINT('Ctrl Pts',(0.0204220259850351,0.0046393207636124,
-0.00015));
#4361=CARTESIAN_POINT('Ctrl Pts',(0.019955291900419,0.0022651733169504,
-0.000445811010867665));
#4362=CARTESIAN_POINT('Ctrl Pts',(0.0199597196769295,0.00226924494953915,
-0.000150000000000037));
#4363=CARTESIAN_POINT('Ctrl Pts',(0.0202545338541073,0.00224424637482616,
-0.00015));
#4364=CARTESIAN_POINT('Ctrl Pts',(0.0197878054437382,-0.000129900094690342,
-0.000444701509300754));
#4365=CARTESIAN_POINT('Ctrl Pts',(0.0197929984815674,-0.000130263284196945,
-0.00015));
#4366=CARTESIAN_POINT('Ctrl Pts',(0.0200870277508774,-0.000150827036813579,
-0.00015));
#4367=CARTESIAN_POINT('Ctrl Pts',(0.00221223773634772,-0.000129900094689832,
-0.000444701509300757));
#4368=CARTESIAN_POINT('Ctrl Pts',(0.00220704469851858,-0.000130263284196435,
-0.00015));
#4369=CARTESIAN_POINT('Ctrl Pts',(0.00191301542920856,-0.00015082703681307,
-0.00015));
#4370=CARTESIAN_POINT('Ctrl Pts',(0.00204475127966945,0.00226517331691548,
-0.000445811010867729));
#4371=CARTESIAN_POINT('Ctrl Pts',(0.00204032350317531,0.00226924494950471,
-0.000150000000000649));
#4372=CARTESIAN_POINT('Ctrl Pts',(0.00174550932598884,0.00224424637479217,
-0.00015));
#4373=CARTESIAN_POINT('Ctrl Pts',(0.00187726416560957,0.00466024770572581,
-0.000446327279164304));
#4374=CARTESIAN_POINT('Ctrl Pts',(0.00187352919129144,0.00466164615438074,
-0.000149999999999704));
#4375=CARTESIAN_POINT('Ctrl Pts',(0.00157801719504417,0.00463932076360254,
-0.00015));
#4376=CARTESIAN_POINT('Ctrl Pts',(0.00170977888682357,0.00705532225542542,
-0.000446745796301864));
#4377=CARTESIAN_POINT('Ctrl Pts',(0.00170656763567923,0.00705509768959379,
-0.00015));
#4378=CARTESIAN_POINT('Ctrl Pts',(0.0014105273651037,0.00703439531330218,
-0.00015));
#4379=CARTESIAN_POINT('Ctrl Pts',(0.00170901257898339,0.00706543296594347,
0.00343167129287079));
#4380=CARTESIAN_POINT('Ctrl Pts',(0.00171073241827038,0.0070408381182851,
0.00375596530965541));
#4381=CARTESIAN_POINT('Ctrl Pts',(0.00203397659144364,0.00706543296594347,
0.00372983540955966));
#4382=CARTESIAN_POINT('Ctrl Pts',(0.00187666664007791,0.00466786819164836,
0.00324894797599425));
#4383=CARTESIAN_POINT('Ctrl Pts',(0.00187368177567817,0.0047105537412434,
0.00356204848056339));
#4384=CARTESIAN_POINT('Ctrl Pts',(0.00218626461674223,0.0046678681916529,
0.00354843628674526));
#4385=CARTESIAN_POINT('Ctrl Pts',(0.00204439561432326,0.00226923210938501,
0.00308003358221573));
#4386=CARTESIAN_POINT('Ctrl Pts',(0.00204263433960281,0.00229441951130278,
0.00337805040285491));
#4387=CARTESIAN_POINT('Ctrl Pts',(0.00234076730783116,0.00226923210938233,
0.00337952157828228));
#4388=CARTESIAN_POINT('Ctrl Pts',(0.00221216441564138,-0.000129973526554088,
0.00292030723909529));
#4389=CARTESIAN_POINT('Ctrl Pts',(0.00221347858240622,-0.000148766986863661,
0.00320397899403878));
#4390=CARTESIAN_POINT('Ctrl Pts',(0.0024967438892171,-0.000129973526554088,
0.00321921571101933));
#4391=CARTESIAN_POINT('Ctrl Pts',(0.00635021116466652,-0.000129996265308855,
0.00756469446595299));
#4392=CARTESIAN_POINT('Ctrl Pts',(0.00602959055830045,-0.000154033929452711,
0.00756301358873284));
#4393=CARTESIAN_POINT('Ctrl Pts',(0.00605177159497099,-0.000129996265308855,
0.00724315674546229));
#4394=CARTESIAN_POINT('Ctrl Pts',(0.00616936121906938,0.0022704894755459,
0.00773255278092682));
#4395=CARTESIAN_POINT('Ctrl Pts',(0.00582978291459845,0.00230281074067004,
0.00773481290394413));
#4396=CARTESIAN_POINT('Ctrl Pts',(0.00587191634464213,0.00227048947554222,
0.00739768428493561));
#4397=CARTESIAN_POINT('Ctrl Pts',(0.00597683509021963,0.0046701573092947,
0.00790035390226426));
#4398=CARTESIAN_POINT('Ctrl Pts',(0.00561688390237949,0.00472690064364017,
0.00790432178273044));
#4399=CARTESIAN_POINT('Ctrl Pts',(0.00568132767761419,0.00467015730930256,
0.00755053367426396));
#4400=CARTESIAN_POINT('Ctrl Pts',(0.00576558483492646,0.00706814167567802,
0.00806803730409582));
#4401=CARTESIAN_POINT('Ctrl Pts',(0.00539145007369233,0.00703534268073603,
0.00806574377494458));
#4402=CARTESIAN_POINT('Ctrl Pts',(0.0054741242509954,0.00706814167567802,
0.00770085055734942));
#4403=CARTESIAN_POINT('Origin',(0.0022127000254,-0.000556992635241988,-0.000435839553756008));
#4404=CARTESIAN_POINT('Origin',(-0.000637299974600005,-0.000556992635241988,
-0.000435839553756004));
#4405=CARTESIAN_POINT('Origin',(0.0022127000254,-0.000556992635241978,-0.00328583955375601));
#4406=CARTESIAN_POINT('Origin',(0.015448994157987,-0.000556992635241978,
-0.00328583955375601));
#4407=CARTESIAN_POINT('Origin',(0.019787343154686,-0.000556992635241978,
-0.00328583955375601));
#4408=CARTESIAN_POINT('Origin',(-0.000637299974600002,-0.000556992635242001,
0.0033141604462435));
#4409=CARTESIAN_POINT('Origin',(-0.000637299974600002,-0.000556992635242014,
0.007064160446243));
#4410=CARTESIAN_POINT('Origin',(0.019787343154686,-0.000556992635241988,
-0.000435839553756008));
#4411=CARTESIAN_POINT('Origin',(0.022637343154686,-0.000556992635241988,
-0.000435839553756003));
#4412=CARTESIAN_POINT('Origin',(0.00221270002540001,-0.000556992635242014,
0.007064160446243));
#4413=CARTESIAN_POINT('Origin',(0.0022127000254,-0.000556992635242024,0.009914160446243));
#4414=CARTESIAN_POINT('Origin',(0.022637343154686,-0.000556992635242,0.002914160477995));
#4415=CARTESIAN_POINT('Origin',(0.022637343154686,-0.000556992635242014,
0.007064160446243));
#4416=CARTESIAN_POINT('Origin',(0.015448994157987,-0.000556992635242024,
0.009914160446243));
#4417=CARTESIAN_POINT('Origin',(0.019787343154686,-0.000556992635242024,
0.009914160446243));
#4418=CARTESIAN_POINT('Origin',(0.019787343154686,-0.000556992635242014,
0.007064160446243));
#4419=CARTESIAN_POINT('Origin',(0.0109989941579877,0.00701470002540006,
0.00512416047799353));
#4420=CARTESIAN_POINT('',(0.0142189941579865,0.00701470002540006,0.00512416047799353));
#4421=CARTESIAN_POINT('',(0.007778994157989,0.00701470002540006,0.00512416047799353));
#4422=CARTESIAN_POINT('Origin',(0.007778994157989,0.00701470002540007,0.00357416047799353));
#4423=CARTESIAN_POINT('',(0.006228994157989,0.00701470002540007,0.00357416047799353));
#4424=CARTESIAN_POINT('Origin',(0.006228994157989,0.00701470002540007,0.00324416047799453));
#4425=CARTESIAN_POINT('',(0.006228994157989,0.00701470002540007,0.00291416047799553));
#4426=CARTESIAN_POINT('Origin',(0.007778994157989,0.00701470002540007,0.00291416047799553));
#4427=CARTESIAN_POINT('',(0.007778994157989,0.00701470002540008,0.00136416047799553));
#4428=CARTESIAN_POINT('Origin',(0.0109989941579877,0.00701470002540008,
0.00136416047799553));
#4429=CARTESIAN_POINT('',(0.0142189941579865,0.00701470002540008,0.00136416047799553));
#4430=CARTESIAN_POINT('Origin',(0.0142189941579865,0.00701470002540007,
0.00291416047799553));
#4431=CARTESIAN_POINT('',(0.0157689941579865,0.00701470002540007,0.00291416047799553));
#4432=CARTESIAN_POINT('Origin',(0.0142189941579865,0.00701470002540007,
0.00357416047799353));
#4433=CARTESIAN_POINT('',(0.0157689941579865,0.00701470002540007,0.00357416047799353));
#4434=CARTESIAN_POINT('Origin',(0.0157689941579865,0.00701470002540007,
0.00324416047799453));
#4435=CARTESIAN_POINT('',(0.,0.,0.));
#4436=CARTESIAN_POINT('',(0.,0.,0.));
#4437=UNCERTAINTY_MEASURE_WITH_UNIT(LENGTH_MEASURE(1.E-5),#4445,
'DISTANCE_ACCURACY_VALUE',
'Maximum model space distance between geometric entities at asserted c
onnectivities');
#4438=UNCERTAINTY_MEASURE_WITH_UNIT(LENGTH_MEASURE(1.E-5),#4445,
'DISTANCE_ACCURACY_VALUE',
'Maximum model space distance between geometric entities at asserted c
onnectivities');
#4439=UNCERTAINTY_MEASURE_WITH_UNIT(LENGTH_MEASURE(1.E-5),#4445,
'DISTANCE_ACCURACY_VALUE',
'Maximum model space distance between geometric entities at asserted c
onnectivities');
#4440=UNCERTAINTY_MEASURE_WITH_UNIT(LENGTH_MEASURE(1.E-5),#4445,
'DISTANCE_ACCURACY_VALUE',
'Maximum model space distance between geometric entities at asserted c
onnectivities');
#4441=(
GEOMETRIC_REPRESENTATION_CONTEXT(3)
GLOBAL_UNCERTAINTY_ASSIGNED_CONTEXT((#4437))
GLOBAL_UNIT_ASSIGNED_CONTEXT((#4445,#4446,#4447))
REPRESENTATION_CONTEXT('','3D')
);
#4442=(
GEOMETRIC_REPRESENTATION_CONTEXT(3)
GLOBAL_UNCERTAINTY_ASSIGNED_CONTEXT((#4438))
GLOBAL_UNIT_ASSIGNED_CONTEXT((#4445,#4446,#4447))
REPRESENTATION_CONTEXT('','3D')
);
#4443=(
GEOMETRIC_REPRESENTATION_CONTEXT(3)
GLOBAL_UNCERTAINTY_ASSIGNED_CONTEXT((#4439))
GLOBAL_UNIT_ASSIGNED_CONTEXT((#4445,#4446,#4447))
REPRESENTATION_CONTEXT('','3D')
);
#4444=(
GEOMETRIC_REPRESENTATION_CONTEXT(3)
GLOBAL_UNCERTAINTY_ASSIGNED_CONTEXT((#4440))
GLOBAL_UNIT_ASSIGNED_CONTEXT((#4445,#4446,#4447))
REPRESENTATION_CONTEXT('','3D')
);
#4445=(
LENGTH_UNIT()
NAMED_UNIT(*)
SI_UNIT($,.METRE.)
);
#4446=(
NAMED_UNIT(*)
PLANE_ANGLE_UNIT()
SI_UNIT($,.RADIAN.)
);
#4447=(
NAMED_UNIT(*)
SI_UNIT($,.STERADIAN.)
SOLID_ANGLE_UNIT()
);
#4448=SHAPE_DEFINITION_REPRESENTATION(#4451,#4456);
#4449=SHAPE_DEFINITION_REPRESENTATION(#4452,#4457);
#4450=SHAPE_DEFINITION_REPRESENTATION(#4453,#4458);
#4451=PRODUCT_DEFINITION_SHAPE('',$,#4460);
#4452=PRODUCT_DEFINITION_SHAPE('',$,#4461);
#4453=PRODUCT_DEFINITION_SHAPE('',$,#4462);
#4454=PRODUCT_DEFINITION_SHAPE($,$,#17);
#4455=PRODUCT_DEFINITION_SHAPE($,$,#18);
#4456=SHAPE_REPRESENTATION('',(#2520,#2781,#2782),#4441);
#4457=SHAPE_REPRESENTATION('',(#2521),#4442);
#4458=SHAPE_REPRESENTATION('',(#2649),#4443);
#4459=PRODUCT_DEFINITION_CONTEXT('part definition',#4470,'design');
#4460=PRODUCT_DEFINITION('2026-08-19-13-15-40-619','(Unsaved)',#4463,#4459);
#4461=PRODUCT_DEFINITION('Part 1','Part 1',#4464,#4459);
#4462=PRODUCT_DEFINITION('Part 2','Part 2',#4465,#4459);
#4463=PRODUCT_DEFINITION_FORMATION('',$,#4472);
#4464=PRODUCT_DEFINITION_FORMATION('',$,#4473);
#4465=PRODUCT_DEFINITION_FORMATION('',$,#4474);
#4466=PRODUCT_RELATED_PRODUCT_CATEGORY('(Unsaved)','(Unsaved)',(#4472));
#4467=PRODUCT_RELATED_PRODUCT_CATEGORY('Part 1','Part 1',(#4473));
#4468=PRODUCT_RELATED_PRODUCT_CATEGORY('Part 2','Part 2',(#4474));
#4469=APPLICATION_PROTOCOL_DEFINITION('international standard',
'automotive_design',2009,#4470);
#4470=APPLICATION_CONTEXT(
'Core Data for Automotive Mechanical Design Process');
#4471=PRODUCT_CONTEXT('part definition',#4470,'mechanical');
#4472=PRODUCT('2026-08-19-13-15-40-619','(Unsaved)',
'STEP AP242 Edition 2',(#4471));
#4473=PRODUCT('Part 1','Part 1','Part 1',(#4471));
#4474=PRODUCT('Part 2','Part 2','Part 2',(#4471));
#4475=PRESENTATION_STYLE_ASSIGNMENT((#4477));
#4476=PRESENTATION_STYLE_ASSIGNMENT((#4478));
#4477=SURFACE_STYLE_USAGE(.BOTH.,#4479);
#4478=SURFACE_STYLE_USAGE(.BOTH.,#4480);
#4479=SURFACE_SIDE_STYLE('',(#4481));
#4480=SURFACE_SIDE_STYLE('',(#4482));
#4481=SURFACE_STYLE_FILL_AREA(#4483);
#4482=SURFACE_STYLE_FILL_AREA(#4484);
#4483=FILL_AREA_STYLE('Steel - Satin',(#4485));
#4484=FILL_AREA_STYLE('Nylon 12 (with Formlabs Fuse 1 3D Printer)',(#4486));
#4485=FILL_AREA_STYLE_COLOUR('Steel - Satin',#4487);
#4486=FILL_AREA_STYLE_COLOUR(
'Nylon 12 (with Formlabs Fuse 1 3D Printer)',#4488);
#4487=COLOUR_RGB('Steel - Satin',0.627450980392157,0.627450980392157,0.627450980392157);
#4488=COLOUR_RGB('Nylon 12 (with Formlabs Fuse 1 3D Printer)',0.247058823529412,
0.247058823529412,0.247058823529412);
ENDSEC;
END-ISO-10303-21;
